"","A","C","G","T","refnuc","nonref","ref","pred.mod"
"1",31,4,79,125,"A",208,31,"m1A|m1I|ms2i6A"
"2",3,0,7,6,"A",13,3,"m1A|m1I|ms2i6A"
"3",75,6,168,276,"A",450,75,"m1A|m1I|ms2i6A"
"4",25,6,50,120,"A",176,25,"m1A|m1I|ms2i6A"
"5",90,4,50,212,"A",266,90,"m1A|m1I|ms2i6A"
"6",26,0,42,177,"A",219,26,"m1A|m1I|ms2i6A"
"7",6,0,12,16,"A",28,6,"m1A|m1I|ms2i6A"
"8",7,20,0,83,"C",90,20,"m3C"
"9",7,20,0,83,"C",90,20,"m3C"
"10",7,20,0,83,"C",90,20,"m3C"
"11",4,0,26,17,"A",43,4,"m1A|m1I|ms2i6A"
"12",96,0,9,10,"A",19,96,"m1A|m1I|ms2i6A"
"13",1289,35,447,1102,"A",1584,1289,"m1A|m1I|ms2i6A"
"14",0,11,24,21,"G",32,24,"m2G|m22G"
"15",0,11,24,21,"G",32,24,"m2G|m22G"
"16",0,11,24,21,"G",32,24,"m2G|m22G"
"17",0,11,24,21,"G",32,24,"m2G|m22G"
"18",0,11,24,21,"G",32,24,"m2G|m22G"
"19",24,10,41,38,"A",89,24,"m1A|m1I|ms2i6A"
"20",24,10,41,38,"A",89,24,"m1A|m1I|ms2i6A"
"21",24,10,41,38,"A",89,24,"m1A|m1I|ms2i6A"
"22",24,10,41,38,"A",89,24,"m1A|m1I|ms2i6A"
"23",386,9,97,281,"A",387,386,"m1A|m1I|ms2i6A"
"24",209,1,77,10,"A",88,209,"m1A|m1I|ms2i6A"
"25",7,2,8,7,"A",17,7,"m1A|m1I|ms2i6A"
"26",7,2,8,7,"A",17,7,"m1A|m1I|ms2i6A"
"27",2,4,4,4,"G",10,4,"m1G"
"28",49,12,107,170,"A",289,49,"m1A|m1I|ms2i6A"
"29",195,16,947,986,"A",1949,195,"m1A|m1I|ms2i6A"
"30",195,16,947,986,"A",1949,195,"m1A|m1I|ms2i6A"
"31",195,16,947,986,"A",1949,195,"m1A|m1I|ms2i6A"
"32",195,16,947,986,"A",1949,195,"m1A|m1I|ms2i6A"
"33",2,6,1,6,"C",9,6,"m3C"
"34",155,71,414,778,"A",1263,155,"m1A|m1I|ms2i6A"
"35",3,0,4,6,"A",10,3,"m1A|m1I|ms2i6A"
"36",14,1,10,13,"A",24,14,"m1A|m1I|ms2i6A"
"37",397,12,197,716,"A",925,397,"m1A|m1I|ms2i6A"
"38",4,7,0,8,"T",11,8,"Y"
"39",15,1,149,38,"A",188,15,"m1A|m1I|ms2i6A"
"40",154,15,128,316,"A",459,154,"m1A|m1I|ms2i6A"
"41",154,15,128,316,"A",459,154,"m1A|m1I|ms2i6A"
"42",12,1,13,9,"A",23,12,"m1A|m1I|ms2i6A"
"43",278,14,3493,540,"A",4047,278,"m1A|m1I|ms2i6A"
"44",278,14,3493,540,"A",4047,278,"m1A|m1I|ms2i6A"
"45",257,16,148,426,"A",590,257,"m1A|m1I|ms2i6A"
"46",17,1,21,52,"A",74,17,"m1A|m1I|ms2i6A"
"47",21,7,10,64,"C",95,7,"m3C"
"48",21,7,10,64,"C",95,7,"m3C"
"49",0,18,7,28,"G",46,7,"m2G|m22G"
"50",0,18,7,28,"G",46,7,"m2G|m22G"
"51",18,3,14,30,"A",47,18,"m1A|m1I|ms2i6A"
"52",3,9,3,22,"C",28,9,"m3C"
"53",95,2,20,71,"A",93,95,"m1A|m1I|ms2i6A"
"54",6,0,14,20,"A",34,6,"m1A|m1I|ms2i6A"
"55",35,4,32,54,"A",90,35,"m1A|m1I|ms2i6A"
"56",7,0,6,7,"A",13,7,"m1A|m1I|ms2i6A"
"57",185,5,65,195,"A",265,185,"m1A|m1I|ms2i6A"
"58",49,3,67,158,"A",228,49,"m1A|m1I|ms2i6A"
"59",7,0,16,58,"A",74,7,"m1A|m1I|ms2i6A"
"60",7,0,12,5,"A",17,7,"m1A|m1I|ms2i6A"
"61",12,5,56,16,"A",77,12,"m1A|m1I|ms2i6A"
"62",120,3,130,30,"A",163,120,"m1A|m1I|ms2i6A"
"63",14,5,53,144,"A",202,14,"m1A|m1I|ms2i6A"
"64",72,3,101,183,"A",287,72,"m1A|m1I|ms2i6A"
"65",17,0,8,19,"A",27,17,"m1A|m1I|ms2i6A"
"66",107,0,32,64,"A",96,107,"m1A|m1I|ms2i6A"
"67",5,0,21,11,"A",32,5,"m1A|m1I|ms2i6A"
"68",8,0,25,16,"A",41,8,"m1A|m1I|ms2i6A"
"69",8,4,7,38,"A",49,8,"m1A|m1I|ms2i6A"
"70",92,6,19,72,"A",97,92,"m1A|m1I|ms2i6A"
"71",92,6,19,72,"A",97,92,"m1A|m1I|ms2i6A"
"72",5,2,20,19,"A",41,5,"m1A|m1I|ms2i6A"
"73",13,0,18,21,"A",39,13,"m1A|m1I|ms2i6A"
"74",3,18,12,36,"G",57,12,"m2G|m22G"
"75",20,0,24,331,"A",355,20,"m1A|m1I|ms2i6A"
"76",13,0,16,87,"A",103,13,"m1A|m1I|ms2i6A"
"77",3,0,5,13,"A",18,3,"m1A|m1I|ms2i6A"
"78",5,2,51,16,"A",69,5,"m1A|m1I|ms2i6A"
"79",99,0,8,21,"A",29,99,"m1A|m1I|ms2i6A"
"80",11,1,8,15,"A",24,11,"m1A|m1I|ms2i6A"
"81",3,1,4,10,"A",15,3,"m1A|m1I|ms2i6A"
"82",4,0,6,14,"A",20,4,"m1A|m1I|ms2i6A"
"83",18,3,85,28,"A",116,18,"m1A|m1I|ms2i6A"
"84",3,0,3,8,"A",11,3,"m1A|m1I|ms2i6A"
"85",4,0,5,18,"A",23,4,"m1A|m1I|ms2i6A"
"86",462,53,2915,3239,"A",6207,462,"m1A|m1I|ms2i6A"
"87",462,53,2915,3239,"A",6207,462,"m1A|m1I|ms2i6A"
"88",462,53,2915,3239,"A",6207,462,"m1A|m1I|ms2i6A"
"89",462,53,2915,3239,"A",6207,462,"m1A|m1I|ms2i6A"
"90",5,7,7,66,"G",78,7,"m2G|m22G"
"91",5,7,7,66,"G",78,7,"m2G|m22G"
"92",5,7,7,66,"G",78,7,"m2G|m22G"
"93",5,7,7,66,"G",78,7,"m2G|m22G"
"94",5,7,7,66,"G",78,7,"m2G|m22G"
"95",55,3,115,134,"A",252,55,"m1A|m1I|ms2i6A"
"96",2,12,2,23,"C",27,12,"m3C"
"97",2,12,2,23,"C",27,12,"m3C"
"98",2,12,2,23,"C",27,12,"m3C"
"99",2,12,2,23,"C",27,12,"m3C"
"100",2,12,2,23,"C",27,12,"m3C"
"101",77,4,110,619,"A",733,77,"m1A|m1I|ms2i6A"
"102",3,0,10,9,"A",19,3,"m1A|m1I|ms2i6A"
"103",3,0,4,8,"A",12,3,"m1A|m1I|ms2i6A"
"104",5,1,7,18,"A",26,5,"m1A|m1I|ms2i6A"
"105",86,4,6,26,"A",36,86,"m1A|m1I|ms2i6A"
"106",16,2,78,103,"A",183,16,"m1A|m1I|ms2i6A"
"107",2,134,79,66,"G",202,79,"m1G"
"108",2,134,79,66,"G",202,79,"m1G"
"109",2,134,79,66,"G",202,79,"m1G"
"110",2,134,79,66,"G",202,79,"m1G"
"111",5,0,9,64,"G",69,9,"m2G|m22G"
"112",5,0,9,64,"G",69,9,"m2G|m22G"
"113",40,41,85,80,"A",206,40,"m1A|m1I|ms2i6A"
"114",637,5,128,358,"A",491,637,"m1A|m1I|ms2i6A"
"115",9,4,1,73,"T",14,73,"Y"
"116",342,4,163,25,"A",192,342,"m1A|m1I|ms2i6A"
"117",7,1,5,9,"A",15,7,"m1A|m1I|ms2i6A"
"118",20,0,8,5,"T",28,5,"Y"
"119",20,0,8,5,"T",28,5,"Y"
"120",1,7,3,9,"G",17,3,"m1G"
"121",378,28,390,414,"A",832,378,"m1A|m1I|ms2i6A"
"122",93,6,192,387,"A",585,93,"m1A|m1I|ms2i6A"
"123",1,4,4,19,"C",24,4,"m3C"
"124",1,4,4,19,"C",24,4,"m3C"
"125",60,3,42,73,"A",118,60,"m1A|m1I|ms2i6A"
"126",9,1,3,15,"A",19,9,"m1A|m1I|ms2i6A"
"127",3,3,34,32,"G",38,34,"m2G|m22G"
"128",3,3,34,32,"G",38,34,"m2G|m22G"
"129",3,3,34,32,"G",38,34,"m2G|m22G"
"130",5,17,638,11,"G",33,638,"m1G"
"131",5,3,9,25,"G",33,9,"m1G"
"132",5,3,9,25,"G",33,9,"m1G"
"133",5,3,9,25,"G",33,9,"m1G"
"134",5,3,9,25,"G",33,9,"m1G"
"135",55,9,541,198,"A",748,55,"m1A|m1I|ms2i6A"
"136",15,0,40,10,"G",25,40,"m1G"
"137",10,1,13,15,"A",29,10,"m1A|m1I|ms2i6A"
"138",44,14,6,0,"A",20,44,"i6A|t6A"
"139",15,10,255,27,"G",52,255,"m1G"
"140",15,10,255,27,"G",52,255,"m1G"
"141",4,2,19,25,"G",31,19,"m1G"
"142",67,3,61,128,"A",192,67,"m1A|m1I|ms2i6A"
"143",291,934,4,33,"C",328,934,"m3C"
"144",291,934,4,33,"C",328,934,"m3C"
"145",291,934,4,33,"C",328,934,"m3C"
"146",45,3,355,345,"A",703,45,"m1A|m1I|ms2i6A"
"147",333,7,120,313,"A",440,333,"m1A|m1I|ms2i6A"
"148",97,3,136,281,"A",420,97,"m1A|m1I|ms2i6A"
"149",10,0,18,16,"A",34,10,"m1A|m1I|ms2i6A"
"150",6,29,0,19,"C",25,29,"m3C"
"151",19,2,16,44,"A",62,19,"m1A|m1I|ms2i6A"
"152",102,1,33,80,"A",114,102,"m1A|m1I|ms2i6A"
"153",21,1,32,59,"A",92,21,"m1A|m1I|ms2i6A"
"154",43,10,61,67,"A",138,43,"m1A|m1I|ms2i6A"
"155",3,0,9,12,"A",21,3,"m1A|m1I|ms2i6A"
"156",9,36,25,85,"G",130,25,"m2G|m22G"
"157",109,2,32,91,"A",125,109,"m1A|m1I|ms2i6A"
"158",7,2,18,26,"A",46,7,"m1A|m1I|ms2i6A"
"159",9,0,14,15,"A",29,9,"m1A|m1I|ms2i6A"
"160",52,7,183,76,"A",266,52,"m1A|m1I|ms2i6A"
"161",32,0,14,29,"A",43,32,"m1A|m1I|ms2i6A"
"162",59,10,3,2,"A",15,59,"i6A|t6A"
"163",865,105,6240,6445,"A",12790,865,"m1A|m1I|ms2i6A"
"164",6,4,7,40,"G",50,7,"m1G"
"165",6,4,7,40,"G",50,7,"m1G"
"166",6,4,7,40,"G",50,7,"m1G"
"167",6,4,7,40,"G",50,7,"m1G"
"168",12,0,25,137,"A",162,12,"m1A|m1I|ms2i6A"
"169",4,0,24,14,"A",38,4,"m1A|m1I|ms2i6A"
"170",1,23,38,24,"G",48,38,"m2G|m22G"
"171",1,23,38,24,"G",48,38,"m2G|m22G"
"172",269,6,70,226,"A",302,269,"m1A|m1I|ms2i6A"
"173",13,1,4,2,"A",7,13,"m1A|m1I|ms2i6A"
"174",78,7,107,169,"A",283,78,"m1A|m1I|ms2i6A"
"175",11,2,61,91,"A",154,11,"m1A|m1I|ms2i6A"
"176",4,3,0,4,"C",8,3,"m3C"
"177",25,1,23,31,"A",55,25,"m1A|m1I|ms2i6A"
"178",42,0,24,95,"A",119,42,"m1A|m1I|ms2i6A"
"179",38,6,149,45,"A",200,38,"m1A|m1I|ms2i6A"
"180",252,41,2141,2338,"A",4520,252,"m1A|m1I|ms2i6A"
"181",3,5,5,30,"G",38,5,"m1G"
"182",3,5,5,30,"G",38,5,"m1G"
"183",0,10,16,14,"G",24,16,"m2G|m22G"
"184",5,0,6,6,"A",12,5,"m1A|m1I|ms2i6A"
"185",143,13,1051,703,"A",1767,143,"m1A|m1I|ms2i6A"
