#bin	chrom	chromStart	chromEnd	name	score	strand	aa	ac	intron	trnaScore	genomeUrl	trnaUrl
713	chr1	16847079	16847153	tRNA-Asn-GTT-5-1	1000	-	Asn	GTT	No tRNA introns</BLOCKQUOTE>	77.65	http://gtrnadb2.ucsc.edu/genomes/eukaryota/Hsapi19/	http://gtrnadb2.ucsc.edu/genomes/eukaryota/Hsapi19/genes/tRNA-Asn-GTT-5-1.html
716	chr1	17216171	17216245	tRNA-Asn-GTT-4-1	1000	+	Asn	GTT	No tRNA introns</BLOCKQUOTE>	80.35	http://gtrnadb2.ucsc.edu/genomes/eukaryota/Hsapi19/	http://gtrnadb2.ucsc.edu/genomes/eukaryota/Hsapi19/genes/tRNA-Asn-GTT-4-1.html
1304	chr1	94313128	94313213	tRNA-Arg-TCT-1-1	1000	+	Arg	TCT	<BLOCKQUOTE>tRNA intron at pos 38-49<BR>GAGGCTGAAGGC(12 bp)</BLOCKQUOTE>	80.27	http://gtrnadb2.ucsc.edu/genomes/eukaryota/Hsapi19/	http://gtrnadb2.ucsc.edu/genomes/eukaryota/Hsapi19/genes/tRNA-Arg-TCT-1-1.html
1304	chr1	94313128	94313213	tRNA-Arg-TCT-1-1	1000	+	Arg	TCT	<BLOCKQUOTE>tRNA intron at pos 38-49<BR>GAGGCTGAAGGC(12 bp)</BLOCKQUOTE>	80.27	http://gtrnadb2.ucsc.edu/genomes/eukaryota/Hsapi19/	http://gtrnadb2.ucsc.edu/genomes/eukaryota/Hsapi19/genes/tRNA-Arg-TCT-1-1.html
1304	chr1	94313128	94313213	tRNA-Arg-TCT-1-1	1000	+	Arg	TCT	<BLOCKQUOTE>tRNA intron at pos 38-49<BR>GAGGCTGAAGGC(12 bp)</BLOCKQUOTE>	80.27	http://gtrnadb2.ucsc.edu/genomes/eukaryota/Hsapi19/	http://gtrnadb2.ucsc.edu/genomes/eukaryota/Hsapi19/genes/tRNA-Arg-TCT-1-1.html
1304	chr1	94313128	94313213	tRNA-Arg-TCT-1-1	1000	+	Arg	TCT	<BLOCKQUOTE>tRNA intron at pos 38-49<BR>GAGGCTGAAGGC(12 bp)</BLOCKQUOTE>	80.27	http://gtrnadb2.ucsc.edu/genomes/eukaryota/Hsapi19/	http://gtrnadb2.ucsc.edu/genomes/eukaryota/Hsapi19/genes/tRNA-Arg-TCT-1-1.html
1714	chr1	148000804	148000878	tRNA-Asn-GTT-7-1	1000	+	Asn	GTT	No tRNA introns</BLOCKQUOTE>	72.61	http://gtrnadb2.ucsc.edu/genomes/eukaryota/Hsapi19/	http://gtrnadb2.ucsc.edu/genomes/eukaryota/Hsapi19/genes/tRNA-Asn-GTT-7-1.html
1716	chr1	148248114	148248188	tRNA-Asn-GTT-2-1	1000	+	Asn	GTT	No tRNA introns</BLOCKQUOTE>	82.24	http://gtrnadb2.ucsc.edu/genomes/eukaryota/Hsapi19/	http://gtrnadb2.ucsc.edu/genomes/eukaryota/Hsapi19/genes/tRNA-Asn-GTT-2-1.html
1757	chr1	153643725	153643797	tRNA-iMet-CAT-1-1	1000	+	Met	CAT	No tRNA introns</BLOCKQUOTE>	68.98	http://gtrnadb2.ucsc.edu/genomes/eukaryota/Hsapi19/	http://gtrnadb2.ucsc.edu/genomes/eukaryota/Hsapi19/genes/tRNA-iMet-CAT-1-1.html
1798	chr1	159111400	159111474	tRNA-Arg-TCT-4-1	1000	-	Arg	TCT	No tRNA introns</BLOCKQUOTE>	76.29	http://gtrnadb2.ucsc.edu/genomes/eukaryota/Hsapi19/	http://gtrnadb2.ucsc.edu/genomes/eukaryota/Hsapi19/genes/tRNA-Arg-TCT-4-1.html
1798	chr1	159111400	159111474	tRNA-Arg-TCT-4-1	1000	-	Arg	TCT	No tRNA introns</BLOCKQUOTE>	76.29	http://gtrnadb2.ucsc.edu/genomes/eukaryota/Hsapi19/	http://gtrnadb2.ucsc.edu/genomes/eukaryota/Hsapi19/genes/tRNA-Arg-TCT-4-1.html
1798	chr1	159111400	159111474	tRNA-Arg-TCT-4-1	1000	-	Arg	TCT	No tRNA introns</BLOCKQUOTE>	76.29	http://gtrnadb2.ucsc.edu/genomes/eukaryota/Hsapi19/	http://gtrnadb2.ucsc.edu/genomes/eukaryota/Hsapi19/genes/tRNA-Arg-TCT-4-1.html
1817	chr1	161510030	161510104	tRNA-Asn-GTT-1-1	1000	+	Asn	GTT	No tRNA introns</BLOCKQUOTE>	83.66	http://gtrnadb2.ucsc.edu/genomes/eukaryota/Hsapi19/	http://gtrnadb2.ucsc.edu/genomes/eukaryota/Hsapi19/genes/tRNA-Asn-GTT-1-1.html
2283	chr1	222638346	222638419	tRNA-Thr-TGT-2-1	1000	+	Thr	TGT	No tRNA introns</BLOCKQUOTE>	83.03	http://gtrnadb2.ucsc.edu/genomes/eukaryota/Hsapi19/	http://gtrnadb2.ucsc.edu/genomes/eukaryota/Hsapi19/genes/tRNA-Thr-TGT-2-1.html
629	chr10	5895673	5895746	tRNA-Val-TAC-3-1	1000	-	Val	TAC	No tRNA introns</BLOCKQUOTE>	81.67	http://gtrnadb2.ucsc.edu/genomes/eukaryota/Hsapi19/	http://gtrnadb2.ucsc.edu/genomes/eukaryota/Hsapi19/genes/tRNA-Val-TAC-3-1.html
756	chr10	22518437	22518511	tRNA-Asn-GTT-2-3	1000	-	Asn	GTT	No tRNA introns</BLOCKQUOTE>	82.24	http://gtrnadb2.ucsc.edu/genomes/eukaryota/Hsapi19/	http://gtrnadb2.ucsc.edu/genomes/eukaryota/Hsapi19/genes/tRNA-Asn-GTT-2-3.html
1115	chr10	69524260	69524342	tRNA-Ser-TGA-1-1	1000	+	Ser	TGA	No tRNA introns</BLOCKQUOTE>	90.86	http://gtrnadb2.ucsc.edu/genomes/eukaryota/Hsapi19/	http://gtrnadb2.ucsc.edu/genomes/eukaryota/Hsapi19/genes/tRNA-Ser-TGA-1-1.html
1089	chr11	66115590	66115672	tRNA-Ser-GCT-3-1	1000	+	Ser	GCT	No tRNA introns</BLOCKQUOTE>	85.83	http://gtrnadb2.ucsc.edu/genomes/eukaryota/Hsapi19/	http://gtrnadb2.ucsc.edu/genomes/eukaryota/Hsapi19/genes/tRNA-Ser-GCT-3-1.html
1164	chr11	75946868	75946940	tRNA-Pro-TGG-2-1	1000	-	Pro	TGG	No tRNA introns</BLOCKQUOTE>	76.24	http://gtrnadb2.ucsc.edu/genomes/eukaryota/Hsapi19/	http://gtrnadb2.ucsc.edu/genomes/eukaryota/Hsapi19/genes/tRNA-Pro-TGG-2-1.html
1164	chr11	75946868	75946940	tRNA-Pro-TGG-2-1	1000	-	Pro	TGG	No tRNA introns</BLOCKQUOTE>	76.24	http://gtrnadb2.ucsc.edu/genomes/eukaryota/Hsapi19/	http://gtrnadb2.ucsc.edu/genomes/eukaryota/Hsapi19/genes/tRNA-Pro-TGG-2-1.html
1164	chr11	75946868	75946940	tRNA-Pro-TGG-2-1	1000	-	Pro	TGG	No tRNA introns</BLOCKQUOTE>	76.24	http://gtrnadb2.ucsc.edu/genomes/eukaryota/Hsapi19/	http://gtrnadb2.ucsc.edu/genomes/eukaryota/Hsapi19/genes/tRNA-Pro-TGG-2-1.html
1016	chr12	56584147	56584229	tRNA-Ser-CGA-4-1	1000	+	Ser	CGA	No tRNA introns</BLOCKQUOTE>	89.14	http://gtrnadb2.ucsc.edu/genomes/eukaryota/Hsapi19/	http://gtrnadb2.ucsc.edu/genomes/eukaryota/Hsapi19/genes/tRNA-Ser-CGA-4-1.html
1016	chr12	56584147	56584229	tRNA-Ser-CGA-4-1	1000	+	Ser	CGA	No tRNA introns</BLOCKQUOTE>	89.14	http://gtrnadb2.ucsc.edu/genomes/eukaryota/Hsapi19/	http://gtrnadb2.ucsc.edu/genomes/eukaryota/Hsapi19/genes/tRNA-Ser-CGA-4-1.html
1339	chr12	98897280	98897352	tRNA-Asp-GTC-1-1	1000	+	Asp	GTC	No tRNA introns</BLOCKQUOTE>	74.76	http://gtrnadb2.ucsc.edu/genomes/eukaryota/Hsapi19/	http://gtrnadb2.ucsc.edu/genomes/eukaryota/Hsapi19/genes/tRNA-Asp-GTC-1-1.html
1339	chr12	98897280	98897352	tRNA-Asp-GTC-1-1	1000	+	Asp	GTC	No tRNA introns</BLOCKQUOTE>	74.76	http://gtrnadb2.ucsc.edu/genomes/eukaryota/Hsapi19/	http://gtrnadb2.ucsc.edu/genomes/eukaryota/Hsapi19/genes/tRNA-Asp-GTC-1-1.html
1339	chr12	98898029	98898101	tRNA-Trp-CCA-4-1	1000	+	Trp	CCA	No tRNA introns</BLOCKQUOTE>	71.65	http://gtrnadb2.ucsc.edu/genomes/eukaryota/Hsapi19/	http://gtrnadb2.ucsc.edu/genomes/eukaryota/Hsapi19/genes/tRNA-Trp-CCA-4-1.html
1541	chr12	125412388	125412461	tRNA-Phe-GAA-1-4	1000	-	Phe	GAA	No tRNA introns</BLOCKQUOTE>	84.19	http://gtrnadb2.ucsc.edu/genomes/eukaryota/Hsapi19/	http://gtrnadb2.ucsc.edu/genomes/eukaryota/Hsapi19/genes/tRNA-Phe-GAA-1-4.html
1541	chr12	125424511	125424583	tRNA-Ala-TGC-4-1	1000	+	Ala	TGC	No tRNA introns</BLOCKQUOTE>	73.41	http://gtrnadb2.ucsc.edu/genomes/eukaryota/Hsapi19/	http://gtrnadb2.ucsc.edu/genomes/eukaryota/Hsapi19/genes/tRNA-Ala-TGC-4-1.html
932	chr13	45492061	45492133	tRNA-Glu-TTC-2-1	1000	-	Glu	TTC	No tRNA introns</BLOCKQUOTE>	76.26	http://gtrnadb2.ucsc.edu/genomes/eukaryota/Hsapi19/	http://gtrnadb2.ucsc.edu/genomes/eukaryota/Hsapi19/genes/tRNA-Glu-TTC-2-1.html
745	chr14	21093528	21093610	tRNA-Leu-TAG-2-1	1000	+	Leu	TAG	No tRNA introns</BLOCKQUOTE>	68.82	http://gtrnadb2.ucsc.edu/genomes/eukaryota/Hsapi19/	http://gtrnadb2.ucsc.edu/genomes/eukaryota/Hsapi19/genes/tRNA-Leu-TAG-2-1.html
745	chr14	21093528	21093610	tRNA-Leu-TAG-2-1	1000	+	Leu	TAG	No tRNA introns</BLOCKQUOTE>	68.82	http://gtrnadb2.ucsc.edu/genomes/eukaryota/Hsapi19/	http://gtrnadb2.ucsc.edu/genomes/eukaryota/Hsapi19/genes/tRNA-Leu-TAG-2-1.html
745	chr14	21099318	21099391	tRNA-Thr-TGT-4-1	1000	-	Thr	TGT	No tRNA introns</BLOCKQUOTE>	79.46	http://gtrnadb2.ucsc.edu/genomes/eukaryota/Hsapi19/	http://gtrnadb2.ucsc.edu/genomes/eukaryota/Hsapi19/genes/tRNA-Thr-TGT-4-1.html
1267	chr14	89445441	89445514	tRNA-Ala-AGC-15-1	1000	+	Ala	AGC	No tRNA introns</BLOCKQUOTE>	59.85	http://gtrnadb2.ucsc.edu/genomes/eukaryota/Hsapi19/	http://gtrnadb2.ucsc.edu/genomes/eukaryota/Hsapi19/genes/tRNA-Ala-AGC-15-1.html
896	chr15	40886022	40886104	tRNA-Ser-GCT-4-2	1000	-	Ser	GCT	No tRNA introns</BLOCKQUOTE>	85.34	http://gtrnadb2.ucsc.edu/genomes/eukaryota/Hsapi19/	http://gtrnadb2.ucsc.edu/genomes/eukaryota/Hsapi19/genes/tRNA-Ser-GCT-4-2.html
1089	chr15	66161399	66161471	tRNA-Gln-CTG-1-4	1000	-	Gln	CTG	No tRNA introns</BLOCKQUOTE>	73.65	http://gtrnadb2.ucsc.edu/genomes/eukaryota/Hsapi19/	http://gtrnadb2.ucsc.edu/genomes/eukaryota/Hsapi19/genes/tRNA-Gln-CTG-1-4.html
1270	chr15	89878303	89878376	tRNA-Arg-TCG-1-1	1000	+	Arg	TCG	No tRNA introns</BLOCKQUOTE>	76.93	http://gtrnadb2.ucsc.edu/genomes/eukaryota/Hsapi19/	http://gtrnadb2.ucsc.edu/genomes/eukaryota/Hsapi19/genes/tRNA-Arg-TCG-1-1.html
1270	chr15	89878303	89878376	tRNA-Arg-TCG-1-1	1000	+	Arg	TCG	No tRNA introns</BLOCKQUOTE>	76.93	http://gtrnadb2.ucsc.edu/genomes/eukaryota/Hsapi19/	http://gtrnadb2.ucsc.edu/genomes/eukaryota/Hsapi19/genes/tRNA-Arg-TCG-1-1.html
1270	chr15	89878303	89878376	tRNA-Arg-TCG-1-1	1000	+	Arg	TCG	No tRNA introns</BLOCKQUOTE>	76.93	http://gtrnadb2.ucsc.edu/genomes/eukaryota/Hsapi19/	http://gtrnadb2.ucsc.edu/genomes/eukaryota/Hsapi19/genes/tRNA-Arg-TCG-1-1.html
1270	chr15	89878303	89878376	tRNA-Arg-TCG-1-1	1000	+	Arg	TCG	No tRNA introns</BLOCKQUOTE>	76.93	http://gtrnadb2.ucsc.edu/genomes/eukaryota/Hsapi19/	http://gtrnadb2.ucsc.edu/genomes/eukaryota/Hsapi19/genes/tRNA-Arg-TCG-1-1.html
609	chr16	3202900	3202973	tRNA-Arg-CCT-3-1	1000	+	Arg	CCT	No tRNA introns</BLOCKQUOTE>	71.53	http://gtrnadb2.ucsc.edu/genomes/eukaryota/Hsapi19/	http://gtrnadb2.ucsc.edu/genomes/eukaryota/Hsapi19/genes/tRNA-Arg-CCT-3-1.html
609	chr16	3225691	3225764	tRNA-Lys-CTT-2-5	1000	+	Lys	CTT	No tRNA introns</BLOCKQUOTE>	80.47	http://gtrnadb2.ucsc.edu/genomes/eukaryota/Hsapi19/	http://gtrnadb2.ucsc.edu/genomes/eukaryota/Hsapi19/genes/tRNA-Lys-CTT-2-5.html
609	chr16	3241988	3242060	tRNA-Pro-AGG-1-1	1000	+	Pro	AGG	No tRNA introns</BLOCKQUOTE>	77.31	http://gtrnadb2.ucsc.edu/genomes/eukaryota/Hsapi19/	http://gtrnadb2.ucsc.edu/genomes/eukaryota/Hsapi19/genes/tRNA-Pro-AGG-1-1.html
694	chr16	14379749	14379821	tRNA-Thr-CGT-2-1	1000	+	Thr	CGT	No tRNA introns</BLOCKQUOTE>	80.42	http://gtrnadb2.ucsc.edu/genomes/eukaryota/Hsapi19/	http://gtrnadb2.ucsc.edu/genomes/eukaryota/Hsapi19/genes/tRNA-Thr-CGT-2-1.html
754	chr16	22207031	22207113	tRNA-Leu-TAG-3-1	1000	-	Leu	TAG	No tRNA introns</BLOCKQUOTE>	68.14	http://gtrnadb2.ucsc.edu/genomes/eukaryota/Hsapi19/	http://gtrnadb2.ucsc.edu/genomes/eukaryota/Hsapi19/genes/tRNA-Leu-TAG-3-1.html
754	chr16	22207031	22207113	tRNA-Leu-TAG-3-1	1000	-	Leu	TAG	No tRNA introns</BLOCKQUOTE>	68.14	http://gtrnadb2.ucsc.edu/genomes/eukaryota/Hsapi19/	http://gtrnadb2.ucsc.edu/genomes/eukaryota/Hsapi19/genes/tRNA-Leu-TAG-3-1.html
1125	chr16	70812113	70812184	tRNA-Gly-GCC-3-1	1000	-	Gly	GCC	No tRNA introns</BLOCKQUOTE>	73.97	http://gtrnadb2.ucsc.edu/genomes/eukaryota/Hsapi19/	http://gtrnadb2.ucsc.edu/genomes/eukaryota/Hsapi19/genes/tRNA-Gly-GCC-3-1.html
1125	chr16	70822596	70822667	tRNA-Gly-GCC-5-1	1000	+	Gly	GCC	No tRNA introns</BLOCKQUOTE>	56.35	http://gtrnadb2.ucsc.edu/genomes/eukaryota/Hsapi19/	http://gtrnadb2.ucsc.edu/genomes/eukaryota/Hsapi19/genes/tRNA-Gly-GCC-5-1.html
1125	chr16	70822596	70822667	tRNA-Gly-GCC-5-1	1000	+	Gly	GCC	No tRNA introns</BLOCKQUOTE>	56.35	http://gtrnadb2.ucsc.edu/genomes/eukaryota/Hsapi19/	http://gtrnadb2.ucsc.edu/genomes/eukaryota/Hsapi19/genes/tRNA-Gly-GCC-5-1.html
1251	chr16	87417627	87417700	tRNA-Met-CAT-6-1	1000	-	Met	CAT	No tRNA introns</BLOCKQUOTE>	74.51	http://gtrnadb2.ucsc.edu/genomes/eukaryota/Hsapi19/	http://gtrnadb2.ucsc.edu/genomes/eukaryota/Hsapi19/genes/tRNA-Met-CAT-6-1.html
1251	chr16	87417627	87417700	tRNA-Met-CAT-6-1	1000	-	Met	CAT	No tRNA introns</BLOCKQUOTE>	74.51	http://gtrnadb2.ucsc.edu/genomes/eukaryota/Hsapi19/	http://gtrnadb2.ucsc.edu/genomes/eukaryota/Hsapi19/genes/tRNA-Met-CAT-6-1.html
646	chr17	8022472	8022545	tRNA-Lys-TTT-3-5	1000	+	Lys	TTT	No tRNA introns</BLOCKQUOTE>	83.8	http://gtrnadb2.ucsc.edu/genomes/eukaryota/Hsapi19/	http://gtrnadb2.ucsc.edu/genomes/eukaryota/Hsapi19/genes/tRNA-Lys-TTT-3-5.html
646	chr17	8023631	8023713	tRNA-Leu-TAG-1-1	1000	-	Leu	TAG	No tRNA introns</BLOCKQUOTE>	72.19	http://gtrnadb2.ucsc.edu/genomes/eukaryota/Hsapi19/	http://gtrnadb2.ucsc.edu/genomes/eukaryota/Hsapi19/genes/tRNA-Leu-TAG-1-1.html
646	chr17	8024242	8024330	tRNA-Arg-TCT-2-1	1000	+	Arg	TCT	<BLOCKQUOTE>tRNA intron at pos 38-52<BR>GTGACGAATAGAGCA(15 bp)</BLOCKQUOTE>	79.06	http://gtrnadb2.ucsc.edu/genomes/eukaryota/Hsapi19/	http://gtrnadb2.ucsc.edu/genomes/eukaryota/Hsapi19/genes/tRNA-Arg-TCT-2-1.html
646	chr17	8024242	8024330	tRNA-Arg-TCT-2-1	1000	+	Arg	TCT	<BLOCKQUOTE>tRNA intron at pos 38-52<BR>GTGACGAATAGAGCA(15 bp)</BLOCKQUOTE>	79.06	http://gtrnadb2.ucsc.edu/genomes/eukaryota/Hsapi19/	http://gtrnadb2.ucsc.edu/genomes/eukaryota/Hsapi19/genes/tRNA-Arg-TCT-2-1.html
646	chr17	8042198	8042280	tRNA-Ser-CGA-1-1	1000	-	Ser	CGA	No tRNA introns</BLOCKQUOTE>	92.09	http://gtrnadb2.ucsc.edu/genomes/eukaryota/Hsapi19/	http://gtrnadb2.ucsc.edu/genomes/eukaryota/Hsapi19/genes/tRNA-Ser-CGA-1-1.html
646	chr17	8042198	8042280	tRNA-Ser-CGA-1-1	1000	-	Ser	CGA	No tRNA introns</BLOCKQUOTE>	92.09	http://gtrnadb2.ucsc.edu/genomes/eukaryota/Hsapi19/	http://gtrnadb2.ucsc.edu/genomes/eukaryota/Hsapi19/genes/tRNA-Ser-CGA-1-1.html
646	chr17	8089675	8089747	tRNA-Trp-CCA-3-3	1000	+	Trp	CCA	No tRNA introns</BLOCKQUOTE>	74	http://gtrnadb2.ucsc.edu/genomes/eukaryota/Hsapi19/	http://gtrnadb2.ucsc.edu/genomes/eukaryota/Hsapi19/genes/tRNA-Trp-CCA-3-3.html
646	chr17	8090477	8090551	tRNA-Thr-AGT-1-1	1000	+	Thr	AGT	No tRNA introns</BLOCKQUOTE>	84.06	http://gtrnadb2.ucsc.edu/genomes/eukaryota/Hsapi19/	http://gtrnadb2.ucsc.edu/genomes/eukaryota/Hsapi19/genes/tRNA-Thr-AGT-1-1.html
646	chr17	8090477	8090551	tRNA-Thr-AGT-1-1	1000	+	Thr	AGT	No tRNA introns</BLOCKQUOTE>	84.06	http://gtrnadb2.ucsc.edu/genomes/eukaryota/Hsapi19/	http://gtrnadb2.ucsc.edu/genomes/eukaryota/Hsapi19/genes/tRNA-Thr-AGT-1-1.html
646	chr17	8090477	8090551	tRNA-Thr-AGT-1-1	1000	+	Thr	AGT	No tRNA introns</BLOCKQUOTE>	84.06	http://gtrnadb2.ucsc.edu/genomes/eukaryota/Hsapi19/	http://gtrnadb2.ucsc.edu/genomes/eukaryota/Hsapi19/genes/tRNA-Thr-AGT-1-1.html
646	chr17	8125555	8125627	tRNA-Asp-GTC-2-11	1000	-	Asp	GTC	No tRNA introns</BLOCKQUOTE>	72.92	http://gtrnadb2.ucsc.edu/genomes/eukaryota/Hsapi19/	http://gtrnadb2.ucsc.edu/genomes/eukaryota/Hsapi19/genes/tRNA-Asp-GTC-2-11.html
646	chr17	8125555	8125627	tRNA-Asp-GTC-2-11	1000	-	Asp	GTC	No tRNA introns</BLOCKQUOTE>	72.92	http://gtrnadb2.ucsc.edu/genomes/eukaryota/Hsapi19/	http://gtrnadb2.ucsc.edu/genomes/eukaryota/Hsapi19/genes/tRNA-Asp-GTC-2-11.html
647	chr17	8129552	8129626	tRNA-Thr-AGT-1-2	1000	-	Thr	AGT	No tRNA introns</BLOCKQUOTE>	84.06	http://gtrnadb2.ucsc.edu/genomes/eukaryota/Hsapi19/	http://gtrnadb2.ucsc.edu/genomes/eukaryota/Hsapi19/genes/tRNA-Thr-AGT-1-2.html
647	chr17	8129927	8130009	tRNA-Ser-AGA-2-6	1000	-	Ser	AGA	No tRNA introns</BLOCKQUOTE>	88.01	http://gtrnadb2.ucsc.edu/genomes/eukaryota/Hsapi19/	http://gtrnadb2.ucsc.edu/genomes/eukaryota/Hsapi19/genes/tRNA-Ser-AGA-2-6.html
647	chr17	8130308	8130382	tRNA-Ile-AAT-4-1	1000	-	Ile	AAT	No tRNA introns</BLOCKQUOTE>	80.89	http://gtrnadb2.ucsc.edu/genomes/eukaryota/Hsapi19/	http://gtrnadb2.ucsc.edu/genomes/eukaryota/Hsapi19/genes/tRNA-Ile-AAT-4-1.html
733	chr17	19411493	19411565	tRNA-Trp-CCA-2-1	1000	+	Trp	CCA	No tRNA introns</BLOCKQUOTE>	74.8	http://gtrnadb2.ucsc.edu/genomes/eukaryota/Hsapi19/	http://gtrnadb2.ucsc.edu/genomes/eukaryota/Hsapi19/genes/tRNA-Trp-CCA-2-1.html
733	chr17	19411493	19411565	tRNA-Trp-CCA-2-1	1000	+	Trp	CCA	No tRNA introns</BLOCKQUOTE>	74.8	http://gtrnadb2.ucsc.edu/genomes/eukaryota/Hsapi19/	http://gtrnadb2.ucsc.edu/genomes/eukaryota/Hsapi19/genes/tRNA-Trp-CCA-2-1.html
812	chr17	29877092	29877164	tRNA-Thr-CGT-4-1	1000	+	Thr	CGT	No tRNA introns</BLOCKQUOTE>	79.77	http://gtrnadb2.ucsc.edu/genomes/eukaryota/Hsapi19/	http://gtrnadb2.ucsc.edu/genomes/eukaryota/Hsapi19/genes/tRNA-Thr-CGT-4-1.html
866	chr17	36908033	36908107	tRNA-Asn-GTT-2-5	1000	-	Asn	GTT	No tRNA introns</BLOCKQUOTE>	82.24	http://gtrnadb2.ucsc.edu/genomes/eukaryota/Hsapi19/	http://gtrnadb2.ucsc.edu/genomes/eukaryota/Hsapi19/genes/tRNA-Asn-GTT-2-5.html
867	chr17	37025544	37025616	tRNA-Cys-GCA-4-1	1000	-	Cys	GCA	No tRNA introns</BLOCKQUOTE>	77.18	http://gtrnadb2.ucsc.edu/genomes/eukaryota/Hsapi19/	http://gtrnadb2.ucsc.edu/genomes/eukaryota/Hsapi19/genes/tRNA-Cys-GCA-4-1.html
869	chr17	37309986	37310058	tRNA-Cys-GCA-2-3	1000	-	Cys	GCA	No tRNA introns</BLOCKQUOTE>	77.71	http://gtrnadb2.ucsc.edu/genomes/eukaryota/Hsapi19/	http://gtrnadb2.ucsc.edu/genomes/eukaryota/Hsapi19/genes/tRNA-Cys-GCA-2-3.html
945	chr17	47269889	47269961	tRNA-Gln-TTG-1-1	1000	+	Gln	TTG	No tRNA introns</BLOCKQUOTE>	73.77	http://gtrnadb2.ucsc.edu/genomes/eukaryota/Hsapi19/	http://gtrnadb2.ucsc.edu/genomes/eukaryota/Hsapi19/genes/tRNA-Gln-TTG-1-1.html
1088	chr17	66016012	66016085	tRNA-Arg-CCG-2-1	1000	-	Arg	CCG	No tRNA introns</BLOCKQUOTE>	65.49	http://gtrnadb2.ucsc.edu/genomes/eukaryota/Hsapi19/	http://gtrnadb2.ucsc.edu/genomes/eukaryota/Hsapi19/genes/tRNA-Arg-CCG-2-1.html
1088	chr17	66016012	66016085	tRNA-Arg-CCG-2-1	1000	-	Arg	CCG	No tRNA introns</BLOCKQUOTE>	65.49	http://gtrnadb2.ucsc.edu/genomes/eukaryota/Hsapi19/	http://gtrnadb2.ucsc.edu/genomes/eukaryota/Hsapi19/genes/tRNA-Arg-CCG-2-1.html
1088	chr17	66016012	66016085	tRNA-Arg-CCG-2-1	1000	-	Arg	CCG	No tRNA introns</BLOCKQUOTE>	65.49	http://gtrnadb2.ucsc.edu/genomes/eukaryota/Hsapi19/	http://gtrnadb2.ucsc.edu/genomes/eukaryota/Hsapi19/genes/tRNA-Arg-CCG-2-1.html
1142	chr17	73030525	73030598	tRNA-Arg-CCT-2-1	1000	-	Arg	CCT	No tRNA introns</BLOCKQUOTE>	73.41	http://gtrnadb2.ucsc.edu/genomes/eukaryota/Hsapi19/	http://gtrnadb2.ucsc.edu/genomes/eukaryota/Hsapi19/genes/tRNA-Arg-CCT-2-1.html
1142	chr17	73031207	73031280	tRNA-Arg-TCG-3-1	1000	+	Arg	TCG	No tRNA introns</BLOCKQUOTE>	70.52	http://gtrnadb2.ucsc.edu/genomes/eukaryota/Hsapi19/	http://gtrnadb2.ucsc.edu/genomes/eukaryota/Hsapi19/genes/tRNA-Arg-TCG-3-1.html
621	chr19	4724646	4724719	tRNA-Val-CAC-3-1	1000	-	Val	CAC	No tRNA introns</BLOCKQUOTE>	84.2	http://gtrnadb2.ucsc.edu/genomes/eukaryota/Hsapi19/	http://gtrnadb2.ucsc.edu/genomes/eukaryota/Hsapi19/genes/tRNA-Val-CAC-3-1.html
841	chr19	33667962	33668036	tRNA-Thr-AGT-1-3	1000	+	Thr	AGT	No tRNA introns</BLOCKQUOTE>	84.06	http://gtrnadb2.ucsc.edu/genomes/eukaryota/Hsapi19/	http://gtrnadb2.ucsc.edu/genomes/eukaryota/Hsapi19/genes/tRNA-Thr-AGT-1-3.html
935	chr19	45981848	45981945	tRNA-SeC-TCA-1-1	1000	-	SeC	TCA	No tRNA introns</BLOCKQUOTE>	155.8	http://gtrnadb2.ucsc.edu/genomes/eukaryota/Hsapi19/	http://gtrnadb2.ucsc.edu/genomes/eukaryota/Hsapi19/genes/tRNA-SeC-TCA-1-1.html
935	chr19	45981848	45981945	tRNA-SeC-TCA-1-1	1000	-	SeC	TCA	No tRNA introns</BLOCKQUOTE>	155.8	http://gtrnadb2.ucsc.edu/genomes/eukaryota/Hsapi19/	http://gtrnadb2.ucsc.edu/genomes/eukaryota/Hsapi19/genes/tRNA-SeC-TCA-1-1.html
793	chr2	27274081	27274154	tRNA-Ala-AGC-8-1	1000	+	Ala	AGC	No tRNA introns</BLOCKQUOTE>	63.68	http://gtrnadb2.ucsc.edu/genomes/eukaryota/Hsapi19/	http://gtrnadb2.ucsc.edu/genomes/eukaryota/Hsapi19/genes/tRNA-Ala-AGC-8-1.html
913	chr2	43037675	43037768	tRNA-Ile-TAT-2-1	1000	+	Ile	TAT	<BLOCKQUOTE>tRNA intron at pos 39-57<BR>CAGCAGTACATGCAGAGCA(19 bp)</BLOCKQUOTE>	77.15	http://gtrnadb2.ucsc.edu/genomes/eukaryota/Hsapi19/	http://gtrnadb2.ucsc.edu/genomes/eukaryota/Hsapi19/genes/tRNA-Ile-TAT-2-1.html
1585	chr2	131094700	131094772	tRNA-Glu-TTC-1-1	1000	-	Glu	TTC	No tRNA introns</BLOCKQUOTE>	76.46	http://gtrnadb2.ucsc.edu/genomes/eukaryota/Hsapi19/	http://gtrnadb2.ucsc.edu/genomes/eukaryota/Hsapi19/genes/tRNA-Glu-TTC-1-1.html
1784	chr2	157257280	157257352	tRNA-Ala-CGC-3-1	1000	+	Ala	CGC	No tRNA introns</BLOCKQUOTE>	73.12	http://gtrnadb2.ucsc.edu/genomes/eukaryota/Hsapi19/	http://gtrnadb2.ucsc.edu/genomes/eukaryota/Hsapi19/genes/tRNA-Ala-CGC-3-1.html
1784	chr2	157257280	157257352	tRNA-Ala-CGC-3-1	1000	+	Ala	CGC	No tRNA introns</BLOCKQUOTE>	73.12	http://gtrnadb2.ucsc.edu/genomes/eukaryota/Hsapi19/	http://gtrnadb2.ucsc.edu/genomes/eukaryota/Hsapi19/genes/tRNA-Ala-CGC-3-1.html
1784	chr2	157257280	157257352	tRNA-Ala-CGC-3-1	1000	+	Ala	CGC	No tRNA introns</BLOCKQUOTE>	73.12	http://gtrnadb2.ucsc.edu/genomes/eukaryota/Hsapi19/	http://gtrnadb2.ucsc.edu/genomes/eukaryota/Hsapi19/genes/tRNA-Ala-CGC-3-1.html
1784	chr2	157257280	157257352	tRNA-Ala-CGC-3-1	1000	+	Ala	CGC	No tRNA introns</BLOCKQUOTE>	73.12	http://gtrnadb2.ucsc.edu/genomes/eukaryota/Hsapi19/	http://gtrnadb2.ucsc.edu/genomes/eukaryota/Hsapi19/genes/tRNA-Ala-CGC-3-1.html
933	chr3	45730490	45730563	tRNA-Arg-ACG-2-1	1000	-	Arg	ACG	No tRNA introns</BLOCKQUOTE>	68.07	http://gtrnadb2.ucsc.edu/genomes/eukaryota/Hsapi19/	http://gtrnadb2.ucsc.edu/genomes/eukaryota/Hsapi19/genes/tRNA-Arg-ACG-2-1.html
1962	chr5	180600649	180600722	tRNA-Val-CAC-1-4	1000	+	Val	CAC	No tRNA introns</BLOCKQUOTE>	87.39	http://gtrnadb2.ucsc.edu/genomes/eukaryota/Hsapi19/	http://gtrnadb2.ucsc.edu/genomes/eukaryota/Hsapi19/genes/tRNA-Val-CAC-1-4.html
1963	chr5	180634754	180634827	tRNA-Lys-CTT-2-2	1000	+	Lys	CTT	No tRNA introns</BLOCKQUOTE>	80.47	http://gtrnadb2.ucsc.edu/genomes/eukaryota/Hsapi19/	http://gtrnadb2.ucsc.edu/genomes/eukaryota/Hsapi19/genes/tRNA-Lys-CTT-2-2.html
785	chr6	26299904	26299977	tRNA-Arg-TCG-4-1	1000	+	Arg	TCG	No tRNA introns</BLOCKQUOTE>	69.55	http://gtrnadb2.ucsc.edu/genomes/eukaryota/Hsapi19/	http://gtrnadb2.ucsc.edu/genomes/eukaryota/Hsapi19/genes/tRNA-Arg-TCG-4-1.html
785	chr6	26305720	26305798	tRNA-Ser-GCT-6-1	1000	-	Ser	GCT	No tRNA introns</BLOCKQUOTE>	62.51	http://gtrnadb2.ucsc.edu/genomes/eukaryota/Hsapi19/	http://gtrnadb2.ucsc.edu/genomes/eukaryota/Hsapi19/genes/tRNA-Ser-GCT-6-1.html
785	chr6	26323045	26323118	tRNA-Arg-TCG-2-1	1000	+	Arg	TCG	No tRNA introns</BLOCKQUOTE>	72.33	http://gtrnadb2.ucsc.edu/genomes/eukaryota/Hsapi19/	http://gtrnadb2.ucsc.edu/genomes/eukaryota/Hsapi19/genes/tRNA-Arg-TCG-2-1.html
785	chr6	26328367	26328440	tRNA-Arg-ACG-1-1	1000	+	Arg	ACG	No tRNA introns</BLOCKQUOTE>	72.37	http://gtrnadb2.ucsc.edu/genomes/eukaryota/Hsapi19/	http://gtrnadb2.ucsc.edu/genomes/eukaryota/Hsapi19/genes/tRNA-Arg-ACG-1-1.html
785	chr6	26331671	26331743	tRNA-Trp-CCA-3-2	1000	-	Trp	CCA	No tRNA introns</BLOCKQUOTE>	74	http://gtrnadb2.ucsc.edu/genomes/eukaryota/Hsapi19/	http://gtrnadb2.ucsc.edu/genomes/eukaryota/Hsapi19/genes/tRNA-Trp-CCA-3-2.html
787	chr6	26572091	26572164	tRNA-Ala-AGC-11-1	1000	-	Ala	AGC	No tRNA introns</BLOCKQUOTE>	63.06	http://gtrnadb2.ucsc.edu/genomes/eukaryota/Hsapi19/	http://gtrnadb2.ucsc.edu/genomes/eukaryota/Hsapi19/genes/tRNA-Ala-AGC-11-1.html
787	chr6	26575797	26575887	tRNA-Tyr-GTA-8-1	1000	+	Tyr	GTA	<BLOCKQUOTE>tRNA intron at pos 38-54<BR>GTTCATTAAACTAAGGC(17 bp)</BLOCKQUOTE>	79.98	http://gtrnadb2.ucsc.edu/genomes/eukaryota/Hsapi19/	http://gtrnadb2.ucsc.edu/genomes/eukaryota/Hsapi19/genes/tRNA-Tyr-GTA-8-1.html
792	chr6	27205349	27205423	tRNA-Ile-AAT-5-3	1000	-	Ile	AAT	No tRNA introns</BLOCKQUOTE>	80.66	http://gtrnadb2.ucsc.edu/genomes/eukaryota/Hsapi19/	http://gtrnadb2.ucsc.edu/genomes/eukaryota/Hsapi19/genes/tRNA-Ile-AAT-5-3.html
792	chr6	27242989	27243063	tRNA-Ile-AAT-3-1	1000	-	Ile	AAT	No tRNA introns</BLOCKQUOTE>	82.1	http://gtrnadb2.ucsc.edu/genomes/eukaryota/Hsapi19/	http://gtrnadb2.ucsc.edu/genomes/eukaryota/Hsapi19/genes/tRNA-Ile-AAT-3-1.html
792	chr6	27248048	27248121	tRNA-Val-CAC-2-1	1000	-	Val	CAC	No tRNA introns</BLOCKQUOTE>	87.34	http://gtrnadb2.ucsc.edu/genomes/eukaryota/Hsapi19/	http://gtrnadb2.ucsc.edu/genomes/eukaryota/Hsapi19/genes/tRNA-Val-CAC-2-1.html
793	chr6	27300763	27300835	tRNA-iMet-CAT-1-5	1000	-	Met	CAT	No tRNA introns</BLOCKQUOTE>	68.98	http://gtrnadb2.ucsc.edu/genomes/eukaryota/Hsapi19/	http://gtrnadb2.ucsc.edu/genomes/eukaryota/Hsapi19/genes/tRNA-iMet-CAT-1-5.html
793	chr6	27302768	27302841	tRNA-Lys-TTT-6-1	1000	-	Lys	TTT	No tRNA introns</BLOCKQUOTE>	81.41	http://gtrnadb2.ucsc.edu/genomes/eukaryota/Hsapi19/	http://gtrnadb2.ucsc.edu/genomes/eukaryota/Hsapi19/genes/tRNA-Lys-TTT-6-1.html
794	chr6	27509553	27509635	tRNA-Ser-AGA-1-1	1000	-	Ser	AGA	No tRNA introns</BLOCKQUOTE>	88.5	http://gtrnadb2.ucsc.edu/genomes/eukaryota/Hsapi19/	http://gtrnadb2.ucsc.edu/genomes/eukaryota/Hsapi19/genes/tRNA-Ser-AGA-1-1.html
795	chr6	27570347	27570454	tRNA-Leu-CAA-3-1	1000	-	Leu	CAA	<BLOCKQUOTE>tRNA intron at pos 39-61<BR>TTGCTACTTCCCAGGTTTGGGGC(23 bp)</BLOCKQUOTE>	79.06	http://gtrnadb2.ucsc.edu/genomes/eukaryota/Hsapi19/	http://gtrnadb2.ucsc.edu/genomes/eukaryota/Hsapi19/genes/tRNA-Leu-CAA-3-1.html
795	chr6	27573416	27573524	tRNA-Leu-CAA-2-1	1000	-	Leu	CAA	<BLOCKQUOTE>tRNA intron at pos 39-62<BR>CTTACTGCTTCCTGTGTTCGGGTC(24 bp)</BLOCKQUOTE>	79.55	http://gtrnadb2.ucsc.edu/genomes/eukaryota/Hsapi19/	http://gtrnadb2.ucsc.edu/genomes/eukaryota/Hsapi19/genes/tRNA-Leu-CAA-2-1.html
795	chr6	27618706	27618779	tRNA-Val-AAC-3-1	1000	-	Val	AAC	No tRNA introns</BLOCKQUOTE>	81.58	http://gtrnadb2.ucsc.edu/genomes/eukaryota/Hsapi19/	http://gtrnadb2.ucsc.edu/genomes/eukaryota/Hsapi19/genes/tRNA-Val-AAC-3-1.html
795	chr6	27638343	27638416	tRNA-Arg-ACG-2-4	1000	-	Arg	ACG	No tRNA introns</BLOCKQUOTE>	68.07	http://gtrnadb2.ucsc.edu/genomes/eukaryota/Hsapi19/	http://gtrnadb2.ucsc.edu/genomes/eukaryota/Hsapi19/genes/tRNA-Arg-ACG-2-4.html
795	chr6	27648884	27648957	tRNA-Val-AAC-4-1	1000	-	Val	AAC	No tRNA introns</BLOCKQUOTE>	79.68	http://gtrnadb2.ucsc.edu/genomes/eukaryota/Hsapi19/	http://gtrnadb2.ucsc.edu/genomes/eukaryota/Hsapi19/genes/tRNA-Val-AAC-4-1.html
795	chr6	27652473	27652547	tRNA-Thr-AGT-2-2	1000	-	Thr	AGT	No tRNA introns</BLOCKQUOTE>	83.05	http://gtrnadb2.ucsc.edu/genomes/eukaryota/Hsapi19/	http://gtrnadb2.ucsc.edu/genomes/eukaryota/Hsapi19/genes/tRNA-Thr-AGT-2-2.html
796	chr6	27694472	27694546	tRNA-Thr-AGT-4-1	1000	+	Thr	AGT	No tRNA introns</BLOCKQUOTE>	81.6	http://gtrnadb2.ucsc.edu/genomes/eukaryota/Hsapi19/	http://gtrnadb2.ucsc.edu/genomes/eukaryota/Hsapi19/genes/tRNA-Thr-AGT-4-1.html
801	chr6	28442328	28442402	tRNA-Thr-TGT-1-1	1000	-	Thr	TGT	No tRNA introns</BLOCKQUOTE>	84.82	http://gtrnadb2.ucsc.edu/genomes/eukaryota/Hsapi19/	http://gtrnadb2.ucsc.edu/genomes/eukaryota/Hsapi19/genes/tRNA-Thr-TGT-1-1.html
802	chr6	28456769	28456843	tRNA-Thr-CGT-1-1	1000	-	Thr	CGT	No tRNA introns</BLOCKQUOTE>	80.88	http://gtrnadb2.ucsc.edu/genomes/eukaryota/Hsapi19/	http://gtrnadb2.ucsc.edu/genomes/eukaryota/Hsapi19/genes/tRNA-Thr-CGT-1-1.html
1687	chr6	144537683	144537766	tRNA-Leu-TAA-1-1	1000	+	Leu	TAA	No tRNA introns</BLOCKQUOTE>	80.77	http://gtrnadb2.ucsc.edu/genomes/eukaryota/Hsapi19/	http://gtrnadb2.ucsc.edu/genomes/eukaryota/Hsapi19/genes/tRNA-Leu-TAA-1-1.html
1687	chr6	144537683	144537766	tRNA-Leu-TAA-1-1	1000	+	Leu	TAA	No tRNA introns</BLOCKQUOTE>	80.77	http://gtrnadb2.ucsc.edu/genomes/eukaryota/Hsapi19/	http://gtrnadb2.ucsc.edu/genomes/eukaryota/Hsapi19/genes/tRNA-Leu-TAA-1-1.html
1645	chr7	139025445	139025518	tRNA-Arg-CCT-4-1	1000	+	Arg	CCT	No tRNA introns</BLOCKQUOTE>	67.28	http://gtrnadb2.ucsc.edu/genomes/eukaryota/Hsapi19/	http://gtrnadb2.ucsc.edu/genomes/eukaryota/Hsapi19/genes/tRNA-Arg-CCT-4-1.html
1645	chr7	139025445	139025518	tRNA-Arg-CCT-4-1	1000	+	Arg	CCT	No tRNA introns</BLOCKQUOTE>	67.28	http://gtrnadb2.ucsc.edu/genomes/eukaryota/Hsapi19/	http://gtrnadb2.ucsc.edu/genomes/eukaryota/Hsapi19/genes/tRNA-Arg-CCT-4-1.html
1645	chr7	139025445	139025518	tRNA-Arg-CCT-4-1	1000	+	Arg	CCT	No tRNA introns</BLOCKQUOTE>	67.28	http://gtrnadb2.ucsc.edu/genomes/eukaryota/Hsapi19/	http://gtrnadb2.ucsc.edu/genomes/eukaryota/Hsapi19/genes/tRNA-Arg-CCT-4-1.html
1645	chr7	139025445	139025518	tRNA-Arg-CCT-4-1	1000	+	Arg	CCT	No tRNA introns</BLOCKQUOTE>	67.28	http://gtrnadb2.ucsc.edu/genomes/eukaryota/Hsapi19/	http://gtrnadb2.ucsc.edu/genomes/eukaryota/Hsapi19/genes/tRNA-Arg-CCT-4-1.html
1532	chr8	124169469	124169542	tRNA-Met-CAT-1-1	1000	-	Met	CAT	No tRNA introns</BLOCKQUOTE>	79.85	http://gtrnadb2.ucsc.edu/genomes/eukaryota/Hsapi19/	http://gtrnadb2.ucsc.edu/genomes/eukaryota/Hsapi19/genes/tRNA-Met-CAT-1-1.html
1532	chr8	124169469	124169542	tRNA-Met-CAT-1-1	1000	-	Met	CAT	No tRNA introns</BLOCKQUOTE>	79.85	http://gtrnadb2.ucsc.edu/genomes/eukaryota/Hsapi19/	http://gtrnadb2.ucsc.edu/genomes/eukaryota/Hsapi19/genes/tRNA-Met-CAT-1-1.html
1532	chr8	124169469	124169542	tRNA-Met-CAT-1-1	1000	-	Met	CAT	No tRNA introns</BLOCKQUOTE>	79.85	http://gtrnadb2.ucsc.edu/genomes/eukaryota/Hsapi19/	http://gtrnadb2.ucsc.edu/genomes/eukaryota/Hsapi19/genes/tRNA-Met-CAT-1-1.html
1532	chr8	124169469	124169542	tRNA-Met-CAT-1-1	1000	-	Met	CAT	No tRNA introns</BLOCKQUOTE>	79.85	http://gtrnadb2.ucsc.edu/genomes/eukaryota/Hsapi19/	http://gtrnadb2.ucsc.edu/genomes/eukaryota/Hsapi19/genes/tRNA-Met-CAT-1-1.html
1304	chr1	94313128	94313213	tRNA-Arg-TCT-1-1	1000	+	Arg	TCT	<BLOCKQUOTE>tRNA intron at pos 38-49<BR>GAGGCTGAAGGC(12 bp)</BLOCKQUOTE>	80.27	http://gtrnadb2.ucsc.edu/genomes/eukaryota/Hsapi19/	http://gtrnadb2.ucsc.edu/genomes/eukaryota/Hsapi19/genes/tRNA-Arg-TCT-1-1.html
1694	chr1	145395521	145395594	tRNA-Lys-CTT-2-1	1000	-	Lys	CTT	No tRNA introns</BLOCKQUOTE>	80.47	http://gtrnadb2.ucsc.edu/genomes/eukaryota/Hsapi19/	http://gtrnadb2.ucsc.edu/genomes/eukaryota/Hsapi19/genes/tRNA-Lys-CTT-2-1.html
1723	chr1	149230569	149230643	tRNA-Asn-GTT-6-1	1000	-	Asn	GTT	No tRNA introns</BLOCKQUOTE>	77.16	http://gtrnadb2.ucsc.edu/genomes/eukaryota/Hsapi19/	http://gtrnadb2.ucsc.edu/genomes/eukaryota/Hsapi19/genes/tRNA-Asn-GTT-6-1.html
1724	chr1	149298554	149298627	tRNA-Val-CAC-4-1	1000	-	Val	CAC	No tRNA introns</BLOCKQUOTE>	82.06	http://gtrnadb2.ucsc.edu/genomes/eukaryota/Hsapi19/	http://gtrnadb2.ucsc.edu/genomes/eukaryota/Hsapi19/genes/tRNA-Val-CAC-4-1.html
2145	chr1	204476157	204476230	tRNA-Lys-TTT-3-2	1000	-	Lys	TTT	No tRNA introns</BLOCKQUOTE>	83.8	http://gtrnadb2.ucsc.edu/genomes/eukaryota/Hsapi19/	http://gtrnadb2.ucsc.edu/genomes/eukaryota/Hsapi19/genes/tRNA-Lys-TTT-3-2.html
1115	chr10	69524260	69524342	tRNA-Ser-TGA-1-1	1000	+	Ser	TGA	No tRNA introns</BLOCKQUOTE>	90.86	http://gtrnadb2.ucsc.edu/genomes/eukaryota/Hsapi19/	http://gtrnadb2.ucsc.edu/genomes/eukaryota/Hsapi19/genes/tRNA-Ser-TGA-1-1.html
1115	chr10	69524260	69524342	tRNA-Ser-TGA-1-1	1000	+	Ser	TGA	No tRNA introns</BLOCKQUOTE>	90.86	http://gtrnadb2.ucsc.edu/genomes/eukaryota/Hsapi19/	http://gtrnadb2.ucsc.edu/genomes/eukaryota/Hsapi19/genes/tRNA-Ser-TGA-1-1.html
1037	chr11	59318766	59318852	tRNA-Arg-TCT-3-2	1000	+	Arg	TCT	<BLOCKQUOTE>tRNA intron at pos 38-50<BR>GATAGTTAGAGAA(13 bp)</BLOCKQUOTE>	77.4	http://gtrnadb2.ucsc.edu/genomes/eukaryota/Hsapi19/	http://gtrnadb2.ucsc.edu/genomes/eukaryota/Hsapi19/genes/tRNA-Arg-TCT-3-2.html
1164	chr11	75946868	75946940	tRNA-Pro-TGG-2-1	1000	-	Pro	TGG	No tRNA introns</BLOCKQUOTE>	76.24	http://gtrnadb2.ucsc.edu/genomes/eukaryota/Hsapi19/	http://gtrnadb2.ucsc.edu/genomes/eukaryota/Hsapi19/genes/tRNA-Pro-TGG-2-1.html
1164	chr11	75946868	75946940	tRNA-Pro-TGG-2-1	1000	-	Pro	TGG	No tRNA introns</BLOCKQUOTE>	76.24	http://gtrnadb2.ucsc.edu/genomes/eukaryota/Hsapi19/	http://gtrnadb2.ucsc.edu/genomes/eukaryota/Hsapi19/genes/tRNA-Pro-TGG-2-1.html
1016	chr12	56584147	56584229	tRNA-Ser-CGA-4-1	1000	+	Ser	CGA	No tRNA introns</BLOCKQUOTE>	89.14	http://gtrnadb2.ucsc.edu/genomes/eukaryota/Hsapi19/	http://gtrnadb2.ucsc.edu/genomes/eukaryota/Hsapi19/genes/tRNA-Ser-CGA-4-1.html
1541	chr12	125412388	125412461	tRNA-Phe-GAA-1-4	1000	-	Phe	GAA	No tRNA introns</BLOCKQUOTE>	84.19	http://gtrnadb2.ucsc.edu/genomes/eukaryota/Hsapi19/	http://gtrnadb2.ucsc.edu/genomes/eukaryota/Hsapi19/genes/tRNA-Phe-GAA-1-4.html
1541	chr12	125424511	125424583	tRNA-Ala-TGC-4-1	1000	+	Ala	TGC	No tRNA introns</BLOCKQUOTE>	73.41	http://gtrnadb2.ucsc.edu/genomes/eukaryota/Hsapi19/	http://gtrnadb2.ucsc.edu/genomes/eukaryota/Hsapi19/genes/tRNA-Ala-TGC-4-1.html
746	chr14	21149848	21149921	tRNA-Thr-TGT-5-1	1000	+	Thr	TGT	No tRNA introns</BLOCKQUOTE>	78.79	http://gtrnadb2.ucsc.edu/genomes/eukaryota/Hsapi19/	http://gtrnadb2.ucsc.edu/genomes/eukaryota/Hsapi19/genes/tRNA-Thr-TGT-5-1.html
746	chr14	21149848	21149921	tRNA-Thr-TGT-5-1	1000	+	Thr	TGT	No tRNA introns</BLOCKQUOTE>	78.79	http://gtrnadb2.ucsc.edu/genomes/eukaryota/Hsapi19/	http://gtrnadb2.ucsc.edu/genomes/eukaryota/Hsapi19/genes/tRNA-Thr-TGT-5-1.html
1032	chr14	58706612	58706685	tRNA-Lys-CTT-1-1	1000	-	Lys	CTT	No tRNA introns</BLOCKQUOTE>	80.72	http://gtrnadb2.ucsc.edu/genomes/eukaryota/Hsapi19/	http://gtrnadb2.ucsc.edu/genomes/eukaryota/Hsapi19/genes/tRNA-Lys-CTT-1-1.html
609	chr16	3202900	3202973	tRNA-Arg-CCT-3-1	1000	+	Arg	CCT	No tRNA introns</BLOCKQUOTE>	71.53	http://gtrnadb2.ucsc.edu/genomes/eukaryota/Hsapi19/	http://gtrnadb2.ucsc.edu/genomes/eukaryota/Hsapi19/genes/tRNA-Arg-CCT-3-1.html
754	chr16	22207031	22207113	tRNA-Leu-TAG-3-1	1000	-	Leu	TAG	No tRNA introns</BLOCKQUOTE>	68.14	http://gtrnadb2.ucsc.edu/genomes/eukaryota/Hsapi19/	http://gtrnadb2.ucsc.edu/genomes/eukaryota/Hsapi19/genes/tRNA-Leu-TAG-3-1.html
1022	chr16	57333862	57333945	tRNA-Leu-CAG-2-1	1000	+	Leu	CAG	No tRNA introns</BLOCKQUOTE>	75.9	http://gtrnadb2.ucsc.edu/genomes/eukaryota/Hsapi19/	http://gtrnadb2.ucsc.edu/genomes/eukaryota/Hsapi19/genes/tRNA-Leu-CAG-2-1.html
1125	chr16	70822596	70822667	tRNA-Gly-GCC-5-1	1000	+	Gly	GCC	No tRNA introns</BLOCKQUOTE>	56.35	http://gtrnadb2.ucsc.edu/genomes/eukaryota/Hsapi19/	http://gtrnadb2.ucsc.edu/genomes/eukaryota/Hsapi19/genes/tRNA-Gly-GCC-5-1.html
1125	chr16	70822596	70822667	tRNA-Gly-GCC-5-1	1000	+	Gly	GCC	No tRNA introns</BLOCKQUOTE>	56.35	http://gtrnadb2.ucsc.edu/genomes/eukaryota/Hsapi19/	http://gtrnadb2.ucsc.edu/genomes/eukaryota/Hsapi19/genes/tRNA-Gly-GCC-5-1.html
1251	chr16	87417627	87417700	tRNA-Met-CAT-6-1	1000	-	Met	CAT	No tRNA introns</BLOCKQUOTE>	74.51	http://gtrnadb2.ucsc.edu/genomes/eukaryota/Hsapi19/	http://gtrnadb2.ucsc.edu/genomes/eukaryota/Hsapi19/genes/tRNA-Met-CAT-6-1.html
1251	chr16	87417627	87417700	tRNA-Met-CAT-6-1	1000	-	Met	CAT	No tRNA introns</BLOCKQUOTE>	74.51	http://gtrnadb2.ucsc.edu/genomes/eukaryota/Hsapi19/	http://gtrnadb2.ucsc.edu/genomes/eukaryota/Hsapi19/genes/tRNA-Met-CAT-6-1.html
646	chr17	8023631	8023713	tRNA-Leu-TAG-1-1	1000	-	Leu	TAG	No tRNA introns</BLOCKQUOTE>	72.19	http://gtrnadb2.ucsc.edu/genomes/eukaryota/Hsapi19/	http://gtrnadb2.ucsc.edu/genomes/eukaryota/Hsapi19/genes/tRNA-Leu-TAG-1-1.html
646	chr17	8029063	8029134	tRNA-Gly-GCC-2-6	1000	+	Gly	GCC	No tRNA introns</BLOCKQUOTE>	81.62	http://gtrnadb2.ucsc.edu/genomes/eukaryota/Hsapi19/	http://gtrnadb2.ucsc.edu/genomes/eukaryota/Hsapi19/genes/tRNA-Gly-GCC-2-6.html
646	chr17	8090477	8090551	tRNA-Thr-AGT-1-1	1000	+	Thr	AGT	No tRNA introns</BLOCKQUOTE>	84.06	http://gtrnadb2.ucsc.edu/genomes/eukaryota/Hsapi19/	http://gtrnadb2.ucsc.edu/genomes/eukaryota/Hsapi19/genes/tRNA-Thr-AGT-1-1.html
1088	chr17	66016012	66016085	tRNA-Arg-CCG-2-1	1000	-	Arg	CCG	No tRNA introns</BLOCKQUOTE>	65.49	http://gtrnadb2.ucsc.edu/genomes/eukaryota/Hsapi19/	http://gtrnadb2.ucsc.edu/genomes/eukaryota/Hsapi19/genes/tRNA-Arg-CCG-2-1.html
1088	chr17	66016012	66016085	tRNA-Arg-CCG-2-1	1000	-	Arg	CCG	No tRNA introns</BLOCKQUOTE>	65.49	http://gtrnadb2.ucsc.edu/genomes/eukaryota/Hsapi19/	http://gtrnadb2.ucsc.edu/genomes/eukaryota/Hsapi19/genes/tRNA-Arg-CCG-2-1.html
1142	chr17	73030525	73030598	tRNA-Arg-CCT-2-1	1000	-	Arg	CCT	No tRNA introns</BLOCKQUOTE>	73.41	http://gtrnadb2.ucsc.edu/genomes/eukaryota/Hsapi19/	http://gtrnadb2.ucsc.edu/genomes/eukaryota/Hsapi19/genes/tRNA-Arg-CCT-2-1.html
1142	chr17	73031207	73031280	tRNA-Arg-TCG-3-1	1000	+	Arg	TCG	No tRNA introns</BLOCKQUOTE>	70.52	http://gtrnadb2.ucsc.edu/genomes/eukaryota/Hsapi19/	http://gtrnadb2.ucsc.edu/genomes/eukaryota/Hsapi19/genes/tRNA-Arg-TCG-3-1.html
1142	chr17	73031207	73031280	tRNA-Arg-TCG-3-1	1000	+	Arg	TCG	No tRNA introns</BLOCKQUOTE>	70.52	http://gtrnadb2.ucsc.edu/genomes/eukaryota/Hsapi19/	http://gtrnadb2.ucsc.edu/genomes/eukaryota/Hsapi19/genes/tRNA-Arg-TCG-3-1.html
1142	chr17	73031207	73031280	tRNA-Arg-TCG-3-1	1000	+	Arg	TCG	No tRNA introns</BLOCKQUOTE>	70.52	http://gtrnadb2.ucsc.edu/genomes/eukaryota/Hsapi19/	http://gtrnadb2.ucsc.edu/genomes/eukaryota/Hsapi19/genes/tRNA-Arg-TCG-3-1.html
889	chr19	39902807	39902900	tRNA-Ile-TAT-1-1	1000	-	Ile	TAT	<BLOCKQUOTE>tRNA intron at pos 39-57<BR>TGACAGTGCGAGCGGAGCA(19 bp)</BLOCKQUOTE>	78.57	http://gtrnadb2.ucsc.edu/genomes/eukaryota/Hsapi19/	http://gtrnadb2.ucsc.edu/genomes/eukaryota/Hsapi19/genes/tRNA-Ile-TAT-1-1.html
1122	chr2	70476122	70476193	tRNA-Gly-CCC-2-1	1000	-	Gly	CCC	No tRNA introns</BLOCKQUOTE>	76.98	http://gtrnadb2.ucsc.edu/genomes/eukaryota/Hsapi19/	http://gtrnadb2.ucsc.edu/genomes/eukaryota/Hsapi19/genes/tRNA-Gly-CCC-2-1.html
1963	chr5	180648978	180649051	tRNA-Lys-CTT-2-3	1000	-	Lys	CTT	No tRNA introns</BLOCKQUOTE>	80.47	http://gtrnadb2.ucsc.edu/genomes/eukaryota/Hsapi19/	http://gtrnadb2.ucsc.edu/genomes/eukaryota/Hsapi19/genes/tRNA-Lys-CTT-2-3.html
787	chr6	26533144	26533218	tRNA-Thr-AGT-2-1	1000	-	Thr	AGT	No tRNA introns</BLOCKQUOTE>	83.05	http://gtrnadb2.ucsc.edu/genomes/eukaryota/Hsapi19/	http://gtrnadb2.ucsc.edu/genomes/eukaryota/Hsapi19/genes/tRNA-Thr-AGT-2-1.html
787	chr6	26556773	26556846	tRNA-Lys-CTT-2-4	1000	+	Lys	CTT	No tRNA introns</BLOCKQUOTE>	80.47	http://gtrnadb2.ucsc.edu/genomes/eukaryota/Hsapi19/	http://gtrnadb2.ucsc.edu/genomes/eukaryota/Hsapi19/genes/tRNA-Lys-CTT-2-4.html
791	chr6	27059520	27059592	tRNA-Pro-CGG-2-1	1000	+	Pro	CGG	No tRNA introns</BLOCKQUOTE>	71.93	http://gtrnadb2.ucsc.edu/genomes/eukaryota/Hsapi19/	http://gtrnadb2.ucsc.edu/genomes/eukaryota/Hsapi19/genes/tRNA-Pro-CGG-2-1.html
792	chr6	27248048	27248121	tRNA-Val-CAC-2-1	1000	-	Val	CAC	No tRNA introns</BLOCKQUOTE>	87.34	http://gtrnadb2.ucsc.edu/genomes/eukaryota/Hsapi19/	http://gtrnadb2.ucsc.edu/genomes/eukaryota/Hsapi19/genes/tRNA-Val-CAC-2-1.html
794	chr6	27515530	27515602	tRNA-Gln-CTG-2-1	1000	-	Gln	CTG	No tRNA introns</BLOCKQUOTE>	72	http://gtrnadb2.ucsc.edu/genomes/eukaryota/Hsapi19/	http://gtrnadb2.ucsc.edu/genomes/eukaryota/Hsapi19/genes/tRNA-Gln-CTG-2-1.html
796	chr6	27763639	27763711	tRNA-Gln-TTG-3-3	1000	-	Gln	TTG	No tRNA introns</BLOCKQUOTE>	68.31	http://gtrnadb2.ucsc.edu/genomes/eukaryota/Hsapi19/	http://gtrnadb2.ucsc.edu/genomes/eukaryota/Hsapi19/genes/tRNA-Gln-TTG-3-3.html
800	chr6	28180814	28180896	tRNA-Ser-GCT-5-1	1000	+	Ser	GCT	No tRNA introns</BLOCKQUOTE>	83.46	http://gtrnadb2.ucsc.edu/genomes/eukaryota/Hsapi19/	http://gtrnadb2.ucsc.edu/genomes/eukaryota/Hsapi19/genes/tRNA-Ser-GCT-5-1.html
801	chr6	28442328	28442402	tRNA-Thr-TGT-1-1	1000	-	Thr	TGT	No tRNA introns</BLOCKQUOTE>	84.82	http://gtrnadb2.ucsc.edu/genomes/eukaryota/Hsapi19/	http://gtrnadb2.ucsc.edu/genomes/eukaryota/Hsapi19/genes/tRNA-Thr-TGT-1-1.html
802	chr6	28456769	28456843	tRNA-Thr-CGT-1-1	1000	-	Thr	CGT	No tRNA introns</BLOCKQUOTE>	80.88	http://gtrnadb2.ucsc.edu/genomes/eukaryota/Hsapi19/	http://gtrnadb2.ucsc.edu/genomes/eukaryota/Hsapi19/genes/tRNA-Thr-CGT-1-1.html
1532	chr8	124169469	124169542	tRNA-Met-CAT-1-1	1000	-	Met	CAT	No tRNA introns</BLOCKQUOTE>	79.85	http://gtrnadb2.ucsc.edu/genomes/eukaryota/Hsapi19/	http://gtrnadb2.ucsc.edu/genomes/eukaryota/Hsapi19/genes/tRNA-Met-CAT-1-1.html
1037	chr11	59319227	59319310	tRNA-Leu-TAA-3-1	1000	+	Leu	TAA	No tRNA introns</BLOCKQUOTE>	79.52	http://gtrnadb2.ucsc.edu/genomes/eukaryota/Hsapi19/	http://gtrnadb2.ucsc.edu/genomes/eukaryota/Hsapi19/genes/tRNA-Leu-TAA-3-1.html
1037	chr11	59319227	59319310	tRNA-Leu-TAA-3-1	1000	+	Leu	TAA	No tRNA introns</BLOCKQUOTE>	79.52	http://gtrnadb2.ucsc.edu/genomes/eukaryota/Hsapi19/	http://gtrnadb2.ucsc.edu/genomes/eukaryota/Hsapi19/genes/tRNA-Leu-TAA-3-1.html
1037	chr11	59323901	59323974	tRNA-Lys-TTT-5-1	1000	+	Lys	TTT	No tRNA introns</BLOCKQUOTE>	82.14	http://gtrnadb2.ucsc.edu/genomes/eukaryota/Hsapi19/	http://gtrnadb2.ucsc.edu/genomes/eukaryota/Hsapi19/genes/tRNA-Lys-TTT-5-1.html
1339	chr12	98897280	98897352	tRNA-Asp-GTC-1-1	1000	+	Asp	GTC	No tRNA introns</BLOCKQUOTE>	74.76	http://gtrnadb2.ucsc.edu/genomes/eukaryota/Hsapi19/	http://gtrnadb2.ucsc.edu/genomes/eukaryota/Hsapi19/genes/tRNA-Asp-GTC-1-1.html
1541	chr12	125424511	125424583	tRNA-Ala-TGC-4-1	1000	+	Ala	TGC	No tRNA introns</BLOCKQUOTE>	73.41	http://gtrnadb2.ucsc.edu/genomes/eukaryota/Hsapi19/	http://gtrnadb2.ucsc.edu/genomes/eukaryota/Hsapi19/genes/tRNA-Ala-TGC-4-1.html
836	chr14	32954017	32954083	nm-tRNA-Tyr-GTA-chr14-8	1000	+	Tyr	GTA	No tRNA introns</BLOCKQUOTE>	24.18	http://gtrnadb2.ucsc.edu/genomes/eukaryota/Hsapi19/	http://gtrnadb2.ucsc.edu/genomes/eukaryota/Hsapi19/genes/nm-tRNA-Tyr-GTA-chr14-8.html
1125	chr16	70822596	70822667	tRNA-Gly-GCC-5-1	1000	+	Gly	GCC	No tRNA introns</BLOCKQUOTE>	56.35	http://gtrnadb2.ucsc.edu/genomes/eukaryota/Hsapi19/	http://gtrnadb2.ucsc.edu/genomes/eukaryota/Hsapi19/genes/tRNA-Gly-GCC-5-1.html
646	chr17	8124865	8124937	tRNA-Gly-TCC-3-1	1000	+	Gly	TCC	No tRNA introns</BLOCKQUOTE>	71.94	http://gtrnadb2.ucsc.edu/genomes/eukaryota/Hsapi19/	http://gtrnadb2.ucsc.edu/genomes/eukaryota/Hsapi19/genes/tRNA-Gly-TCC-3-1.html
621	chr19	4724081	4724153	tRNA-Gly-TCC-1-1	1000	+	Gly	TCC	No tRNA introns</BLOCKQUOTE>	76.83	http://gtrnadb2.ucsc.edu/genomes/eukaryota/Hsapi19/	http://gtrnadb2.ucsc.edu/genomes/eukaryota/Hsapi19/genes/tRNA-Gly-TCC-1-1.html
2143	chr2	204229130	204229201	tRNA-Glu-TTC-9-1	1000	-	Glu	TTC	No tRNA introns</BLOCKQUOTE>	39.76	http://gtrnadb2.ucsc.edu/genomes/eukaryota/Hsapi19/	http://gtrnadb2.ucsc.edu/genomes/eukaryota/Hsapi19/genes/tRNA-Glu-TTC-9-1.html
792	chr6	27144993	27145067	tRNA-Ile-AAT-5-2	1000	-	Ile	AAT	No tRNA introns</BLOCKQUOTE>	80.66	http://gtrnadb2.ucsc.edu/genomes/eukaryota/Hsapi19/	http://gtrnadb2.ucsc.edu/genomes/eukaryota/Hsapi19/genes/tRNA-Ile-AAT-5-2.html
794	chr6	27473606	27473688	tRNA-Ser-TGA-4-1	1000	-	Ser	TGA	No tRNA introns</BLOCKQUOTE>	84.78	http://gtrnadb2.ucsc.edu/genomes/eukaryota/Hsapi19/	http://gtrnadb2.ucsc.edu/genomes/eukaryota/Hsapi19/genes/tRNA-Ser-TGA-4-1.html
1703	chr1	146544772	146544844	tRNA-His-GTG-1-2	1000	+	His	GTG	No tRNA introns</BLOCKQUOTE>	64.63	http://gtrnadb2.ucsc.edu/genomes/eukaryota/Hsapi19/	http://gtrnadb2.ucsc.edu/genomes/eukaryota/Hsapi19/genes/tRNA-His-GTG-1-2.html
1037	chr11	59318101	59318174	tRNA-Val-TAC-1-1	1000	-	Val	TAC	No tRNA introns</BLOCKQUOTE>	85.12	http://gtrnadb2.ucsc.edu/genomes/eukaryota/Hsapi19/	http://gtrnadb2.ucsc.edu/genomes/eukaryota/Hsapi19/genes/tRNA-Val-TAC-1-1.html
1037	chr11	59318459	59318532	tRNA-Val-TAC-2-1	1000	-	Val	TAC	No tRNA introns</BLOCKQUOTE>	82.67	http://gtrnadb2.ucsc.edu/genomes/eukaryota/Hsapi19/	http://gtrnadb2.ucsc.edu/genomes/eukaryota/Hsapi19/genes/tRNA-Val-TAC-2-1.html
1037	chr11	59318459	59318532	tRNA-Val-TAC-2-1	1000	-	Val	TAC	No tRNA introns</BLOCKQUOTE>	82.67	http://gtrnadb2.ucsc.edu/genomes/eukaryota/Hsapi19/	http://gtrnadb2.ucsc.edu/genomes/eukaryota/Hsapi19/genes/tRNA-Val-TAC-2-1.html
1037	chr11	59327807	59327880	tRNA-Lys-TTT-3-4	1000	-	Lys	TTT	No tRNA introns</BLOCKQUOTE>	83.8	http://gtrnadb2.ucsc.edu/genomes/eukaryota/Hsapi19/	http://gtrnadb2.ucsc.edu/genomes/eukaryota/Hsapi19/genes/tRNA-Lys-TTT-3-4.html
1339	chr12	98897280	98897352	tRNA-Asp-GTC-1-1	1000	+	Asp	GTC	No tRNA introns</BLOCKQUOTE>	74.76	http://gtrnadb2.ucsc.edu/genomes/eukaryota/Hsapi19/	http://gtrnadb2.ucsc.edu/genomes/eukaryota/Hsapi19/genes/tRNA-Asp-GTC-1-1.html
1149	chr14	74055534	74055596	tRNA-Lys-TTT-14-1	1000	-	Lys	TTT	No tRNA introns</BLOCKQUOTE>	33.33	http://gtrnadb2.ucsc.edu/genomes/eukaryota/Hsapi19/	http://gtrnadb2.ucsc.edu/genomes/eukaryota/Hsapi19/genes/tRNA-Lys-TTT-14-1.html
1022	chr16	57334391	57334474	tRNA-Leu-CAG-2-2	1000	-	Leu	CAG	No tRNA introns</BLOCKQUOTE>	75.9	http://gtrnadb2.ucsc.edu/genomes/eukaryota/Hsapi19/	http://gtrnadb2.ucsc.edu/genomes/eukaryota/Hsapi19/genes/tRNA-Leu-CAG-2-2.html
867	chr17	37017936	37018008	tRNA-Cys-GCA-14-1	1000	-	Cys	GCA	No tRNA introns</BLOCKQUOTE>	70.63	http://gtrnadb2.ucsc.edu/genomes/eukaryota/Hsapi19/	http://gtrnadb2.ucsc.edu/genomes/eukaryota/Hsapi19/genes/tRNA-Cys-GCA-14-1.html
935	chr19	45981848	45981945	tRNA-SeC-TCA-1-1	1000	-	SeC	TCA	No tRNA introns</BLOCKQUOTE>	155.8	http://gtrnadb2.ucsc.edu/genomes/eukaryota/Hsapi19/	http://gtrnadb2.ucsc.edu/genomes/eukaryota/Hsapi19/genes/tRNA-SeC-TCA-1-1.html
1784	chr2	157257280	157257352	tRNA-Ala-CGC-3-1	1000	+	Ala	CGC	No tRNA introns</BLOCKQUOTE>	73.12	http://gtrnadb2.ucsc.edu/genomes/eukaryota/Hsapi19/	http://gtrnadb2.ucsc.edu/genomes/eukaryota/Hsapi19/genes/tRNA-Ala-CGC-3-1.html
1784	chr2	157257280	157257352	tRNA-Ala-CGC-3-1	1000	+	Ala	CGC	No tRNA introns</BLOCKQUOTE>	73.12	http://gtrnadb2.ucsc.edu/genomes/eukaryota/Hsapi19/	http://gtrnadb2.ucsc.edu/genomes/eukaryota/Hsapi19/genes/tRNA-Ala-CGC-3-1.html
2143	chr2	204229130	204229201	tRNA-Glu-TTC-9-1	1000	-	Glu	TTC	No tRNA introns</BLOCKQUOTE>	39.76	http://gtrnadb2.ucsc.edu/genomes/eukaryota/Hsapi19/	http://gtrnadb2.ucsc.edu/genomes/eukaryota/Hsapi19/genes/tRNA-Glu-TTC-9-1.html
1878	chr3	169490017	169490090	tRNA-Val-AAC-1-1	1000	+	Val	AAC	No tRNA introns</BLOCKQUOTE>	86.79	http://gtrnadb2.ucsc.edu/genomes/eukaryota/Hsapi19/	http://gtrnadb2.ucsc.edu/genomes/eukaryota/Hsapi19/genes/tRNA-Val-AAC-1-1.html
1962	chr5	180591153	180591226	tRNA-Val-AAC-1-2	1000	+	Val	AAC	No tRNA introns</BLOCKQUOTE>	86.79	http://gtrnadb2.ucsc.edu/genomes/eukaryota/Hsapi19/	http://gtrnadb2.ucsc.edu/genomes/eukaryota/Hsapi19/genes/tRNA-Val-AAC-1-2.html
727	chrX	18693028	18693101	tRNA-Val-TAC-1-2	1000	-	Val	TAC	No tRNA introns</BLOCKQUOTE>	85.12	http://gtrnadb2.ucsc.edu/genomes/eukaryota/Hsapi19/	http://gtrnadb2.ucsc.edu/genomes/eukaryota/Hsapi19/genes/tRNA-Val-TAC-1-2.html
