"","name","aa","ac","pred_mod_loc_rel","pred_mod"
"1","tRNA-Asn-GTT-5-1","Asn","GTT",15,"NA"
"2","tRNA-Asn-GTT-4-1","Asn","GTT",58,"NA"
"3","tRNA-Arg-TCT-1-1","Arg","TCT",31,"NA"
"4","tRNA-Arg-TCT-1-1","Arg","TCT",31,"NA"
"5","tRNA-Arg-TCT-1-1","Arg","TCT",31,"NA"
"6","tRNA-Arg-TCT-1-1","Arg","TCT",31,"NA"
"7","tRNA-Asn-GTT-7-1","Asn","GTT",58,"NA"
"8","tRNA-Asn-GTT-2-1","Asn","GTT",58,"NA"
"9","tRNA-iMet-CAT-1-1","Met","CAT",56,"NA"
"10","tRNA-Arg-TCT-4-1","Arg","TCT",41,"NA"
"11","tRNA-Arg-TCT-4-1","Arg","TCT",41,"NA"
"12","tRNA-Arg-TCT-4-1","Arg","TCT",41,"NA"
"13","tRNA-Asn-GTT-1-1","Asn","GTT",58,"NA"
"14","tRNA-Thr-TGT-2-1","Thr","TGT",57,"NA"
"15","tRNA-Val-TAC-3-1","Val","TAC",15,"NA"
"16","tRNA-Asn-GTT-2-3","Asn","GTT",15,"NA"
"17","tRNA-Ser-TGA-1-1","Ser","TGA",66,"NA"
"18","tRNA-Ser-GCT-3-1","Ser","GCT",66,"NA"
"19","tRNA-Pro-TGG-2-1","Pro","TGG",66,"NA"
"20","tRNA-Pro-TGG-2-1","Pro","TGG",66,"NA"
"21","tRNA-Pro-TGG-2-1","Pro","TGG",66,"NA"
"22","tRNA-Ser-CGA-4-1","Ser","CGA",25,"NA"
"23","tRNA-Ser-CGA-4-1","Ser","CGA",25,"NA"
"24","tRNA-Asp-GTC-1-1","Asp","GTC",8,"NA"
"25","tRNA-Asp-GTC-1-1","Asp","GTC",8,"NA"
"26","tRNA-Trp-CCA-4-1","Trp","CCA",56,"NA"
"27","tRNA-Phe-GAA-1-4","Phe","GAA",34,"NA"
"28","tRNA-Ala-TGC-4-1","Ala","TGC",35,"NA"
"29","tRNA-Glu-TTC-2-1","Glu","TTC",15,"NA"
"30","tRNA-Leu-TAG-2-1","Leu","TAG",66,"NA"
"31","tRNA-Leu-TAG-2-1","Leu","TAG",66,"NA"
"32","tRNA-Thr-TGT-4-1","Thr","TGT",15,"NA"
"33","tRNA-Ala-AGC-15-1","Ala","AGC",25,"NA"
"34","tRNA-Ser-GCT-4-2","Ser","GCT",32,"NA"
"35","tRNA-Gln-CTG-1-4","Gln","CTG",15,"NA"
"36","tRNA-Arg-TCG-1-1","Arg","TCG",57,"NA"
"37","tRNA-Arg-TCG-1-1","Arg","TCG",57,"NA"
"38","tRNA-Arg-TCG-1-1","Arg","TCG",57,"NA"
"39","tRNA-Arg-TCG-1-1","Arg","TCG",57,"NA"
"40","tRNA-Arg-CCT-3-1","Arg","CCT",31,"NA"
"41","tRNA-Lys-CTT-2-5","Lys","CTT",57,"NA"
"42","tRNA-Pro-AGG-1-1","Pro","AGG",56,"NA"
"43","tRNA-Thr-CGT-2-1","Thr","CGT",56,"NA"
"44","tRNA-Leu-TAG-3-1","Leu","TAG",44,"NA"
"45","tRNA-Leu-TAG-3-1","Leu","TAG",44,"NA"
"46","tRNA-Gly-GCC-3-1","Gly","GCC",18,"NA"
"47","tRNA-Gly-GCC-5-1","Gly","GCC",37,"NA"
"48","tRNA-Gly-GCC-5-1","Gly","GCC",37,"NA"
"49","tRNA-Met-CAT-6-1","Met","CAT",47,"NA"
"50","tRNA-Met-CAT-6-1","Met","CAT",47,"NA"
"51","tRNA-Lys-TTT-3-5","Lys","TTT",57,"NA"
"52","tRNA-Leu-TAG-1-1","Leu","TAG",55,"NA"
"53","tRNA-Arg-TCT-2-1","Arg","TCT",72,"NA"
"54","tRNA-Arg-TCT-2-1","Arg","TCT",72,"NA"
"55","tRNA-Ser-CGA-1-1","Ser","CGA",32,"NA"
"56","tRNA-Ser-CGA-1-1","Ser","CGA",32,"NA"
"57","tRNA-Trp-CCA-3-3","Trp","CCA",56,"NA"
"58","tRNA-Thr-AGT-1-1","Thr","AGT",37,"NA"
"59","tRNA-Thr-AGT-1-1","Thr","AGT",37,"NA"
"60","tRNA-Thr-AGT-1-1","Thr","AGT",37,"NA"
"61","tRNA-Asp-GTC-2-11","Asp","GTC",66,"NA"
"62","tRNA-Asp-GTC-2-11","Asp","GTC",66,"NA"
"63","tRNA-Thr-AGT-1-2","Thr","AGT",15,"NA"
"64","tRNA-Ser-AGA-2-6","Ser","AGA",32,"NA"
"65","tRNA-Ile-AAT-4-1","Ile","AAT",15,"NA"
"66","tRNA-Trp-CCA-2-1","Trp","CCA",56,"NA"
"67","tRNA-Trp-CCA-2-1","Trp","CCA",56,"NA"
"68","tRNA-Thr-CGT-4-1","Thr","CGT",56,"NA"
"69","tRNA-Asn-GTT-2-5","Asn","GTT",15,"NA"
"70","tRNA-Cys-GCA-4-1","Cys","GCA",15,"NA"
"71","tRNA-Cys-GCA-2-3","Cys","GCA",15,"NA"
"72","tRNA-Gln-TTG-1-1","Gln","TTG",56,"NA"
"73","tRNA-Arg-CCG-2-1","Arg","CCG",39,"NA"
"74","tRNA-Arg-CCG-2-1","Arg","CCG",39,"NA"
"75","tRNA-Arg-CCG-2-1","Arg","CCG",39,"NA"
"76","tRNA-Arg-CCT-2-1","Arg","CCT",15,"NA"
"77","tRNA-Arg-TCG-3-1","Arg","TCG",36,"NA"
"78","tRNA-Val-CAC-3-1","Val","CAC",15,"NA"
"79","tRNA-Thr-AGT-1-3","Thr","AGT",58,"NA"
"80","tRNA-SeC-TCA-1-1","SeC","TCA",8,"NA"
"81","tRNA-SeC-TCA-1-1","SeC","TCA",8,"NA"
"82","tRNA-Ala-AGC-8-1","Ala","AGC",57,"NA"
"83","tRNA-Ile-TAT-2-1","Ile","TAT",77,"NA"
"84","tRNA-Glu-TTC-1-1","Glu","TTC",15,"NA"
"85","tRNA-Ala-CGC-3-1","Ala","CGC",32,"NA"
"86","tRNA-Ala-CGC-3-1","Ala","CGC",32,"NA"
"87","tRNA-Ala-CGC-3-1","Ala","CGC",32,"NA"
"88","tRNA-Ala-CGC-3-1","Ala","CGC",32,"NA"
"89","tRNA-Arg-ACG-2-1","Arg","ACG",15,"NA"
"90","tRNA-Val-CAC-1-4","Val","CAC",57,"NA"
"91","tRNA-Lys-CTT-2-2","Lys","CTT",57,"NA"
"92","tRNA-Arg-TCG-4-1","Arg","TCG",57,"NA"
"93","tRNA-Ser-GCT-6-1","Ser","GCT",12,"NA"
"94","tRNA-Arg-TCG-2-1","Arg","TCG",57,"NA"
"95","tRNA-Arg-ACG-1-1","Arg","ACG",57,"NA"
"96","tRNA-Trp-CCA-3-2","Trp","CCA",15,"NA"
"97","tRNA-Ala-AGC-11-1","Ala","AGC",47,"NA"
"98","tRNA-Tyr-GTA-8-1","Tyr","GTA",74,"NA"
"99","tRNA-Ile-AAT-5-3","Ile","AAT",15,"NA"
"100","tRNA-Ile-AAT-3-1","Ile","AAT",15,"NA"
"101","tRNA-Val-CAC-2-1","Val","CAC",39,"NA"
"102","tRNA-iMet-CAT-1-5","Met","CAT",15,"NA"
"103","tRNA-Lys-TTT-6-1","Lys","TTT",15,"NA"
"104","tRNA-Ser-AGA-1-1","Ser","AGA",15,"NA"
"105","tRNA-Leu-CAA-3-1","Leu","CAA",15,"NA"
"106","tRNA-Leu-CAA-2-1","Leu","CAA",15,"NA"
"107","tRNA-Val-AAC-3-1","Val","AAC",15,"NA"
"108","tRNA-Arg-ACG-2-4","Arg","ACG",15,"NA"
"109","tRNA-Val-AAC-4-1","Val","AAC",15,"NA"
"110","tRNA-Thr-AGT-2-2","Thr","AGT",15,"NA"
"111","tRNA-Thr-AGT-4-1","Thr","AGT",58,"NA"
"112","tRNA-Thr-TGT-1-1","Thr","TGT",35,"NA"
"113","tRNA-Thr-CGT-1-1","Thr","CGT",34,"NA"
"114","tRNA-Leu-TAA-1-1","Leu","TAA",67,"NA"
"115","tRNA-Leu-TAA-1-1","Leu","TAA",67,"NA"
"116","tRNA-Arg-CCT-4-1","Arg","CCT",57,"NA"
"117","tRNA-Arg-CCT-4-1","Arg","CCT",57,"NA"
"118","tRNA-Arg-CCT-4-1","Arg","CCT",57,"NA"
"119","tRNA-Arg-CCT-4-1","Arg","CCT",57,"NA"
"120","tRNA-Met-CAT-1-1","Met","CAT",47,"NA"
"121","tRNA-Met-CAT-1-1","Met","CAT",47,"NA"
"122","tRNA-Met-CAT-1-1","Met","CAT",47,"NA"
"123","tRNA-Met-CAT-1-1","Met","CAT",47,"NA"
"124","tRNA-Arg-TCT-1-1","Arg","TCT",31,"NA"
"125","tRNA-Lys-CTT-2-1","Lys","CTT",15,"NA"
"126","tRNA-Asn-GTT-6-1","Asn","GTT",15,"NA"
"127","tRNA-Val-CAC-4-1","Val","CAC",15,"NA"
"128","tRNA-Lys-TTT-3-2","Lys","TTT",15,"NA"
"129","tRNA-Ser-TGA-1-1","Ser","TGA",66,"NA"
"130","tRNA-Ser-TGA-1-1","Ser","TGA",66,"NA"
"131","tRNA-Arg-TCT-3-2","Arg","TCT",70,"NA"
"132","tRNA-Pro-TGG-2-1","Pro","TGG",66,"NA"
"133","tRNA-Pro-TGG-2-1","Pro","TGG",66,"NA"
"134","tRNA-Ser-CGA-4-1","Ser","CGA",25,"NA"
"135","tRNA-Phe-GAA-1-4","Phe","GAA",34,"NA"
"136","tRNA-Ala-TGC-4-1","Ala","TGC",35,"NA"
"137","tRNA-Thr-TGT-5-1","Thr","TGT",72,"NA"
"138","tRNA-Thr-TGT-5-1","Thr","TGT",72,"NA"
"139","tRNA-Lys-CTT-1-1","Lys","CTT",15,"NA"
"140","tRNA-Arg-CCT-3-1","Arg","CCT",31,"NA"
"141","tRNA-Leu-TAG-3-1","Leu","TAG",44,"NA"
"142","tRNA-Leu-CAG-2-1","Leu","CAG",67,"NA"
"143","tRNA-Gly-GCC-5-1","Gly","GCC",37,"NA"
"144","tRNA-Gly-GCC-5-1","Gly","GCC",37,"NA"
"145","tRNA-Met-CAT-6-1","Met","CAT",47,"NA"
"146","tRNA-Met-CAT-6-1","Met","CAT",47,"NA"
"147","tRNA-Leu-TAG-1-1","Leu","TAG",55,"NA"
"148","tRNA-Gly-GCC-2-6","Gly","GCC",32,"NA"
"149","tRNA-Thr-AGT-1-1","Thr","AGT",37,"NA"
"150","tRNA-Arg-CCG-2-1","Arg","CCG",39,"NA"
"151","tRNA-Arg-CCG-2-1","Arg","CCG",39,"NA"
"152","tRNA-Arg-CCT-2-1","Arg","CCT",15,"NA"
"153","tRNA-Arg-TCG-3-1","Arg","TCG",36,"NA"
"154","tRNA-Arg-TCG-3-1","Arg","TCG",36,"NA"
"155","tRNA-Arg-TCG-3-1","Arg","TCG",36,"NA"
"156","tRNA-Ile-TAT-1-1","Ile","TAT",15,"NA"
"157","tRNA-Gly-CCC-2-1","Gly","CCC",1,"NA"
"158","tRNA-Lys-CTT-2-3","Lys","CTT",15,"NA"
"159","tRNA-Thr-AGT-2-1","Thr","AGT",15,"NA"
"160","tRNA-Lys-CTT-2-4","Lys","CTT",57,"NA"
"161","tRNA-Pro-CGG-2-1","Pro","CGG",56,"NA"
"162","tRNA-Val-CAC-2-1","Val","CAC",39,"NA"
"163","tRNA-Gln-CTG-2-1","Gln","CTG",15,"NA"
"164","tRNA-Gln-TTG-3-3","Gln","TTG",15,"NA"
"165","tRNA-Ser-GCT-5-1","Ser","GCT",49,"NA"
"166","tRNA-Thr-TGT-1-1","Thr","TGT",35,"NA"
"167","tRNA-Thr-CGT-1-1","Thr","CGT",34,"NA"
"168","tRNA-Met-CAT-1-1","Met","CAT",47,"NA"
"169","tRNA-Leu-TAA-3-1","Leu","TAA",36,"NA"
"170","tRNA-Leu-TAA-3-1","Leu","TAA",36,"NA"
"171","tRNA-Lys-TTT-5-1","Lys","TTT",57,"NA"
"172","tRNA-Asp-GTC-1-1","Asp","GTC",8,"NA"
"173","tRNA-Ala-TGC-4-1","Ala","TGC",35,"NA"
"174","nm-tRNA-Tyr-GTA-chr14-8","Tyr","GTA",8,"NA"
"175","tRNA-Gly-GCC-5-1","Gly","GCC",37,"NA"
"176","tRNA-Gly-TCC-3-1","Gly","TCC",56,"NA"
"177","tRNA-Gly-TCC-1-1","Gly","TCC",56,"NA"
"178","tRNA-Glu-TTC-9-1","Glu","TTC",38,"NA"
"179","tRNA-Ile-AAT-5-2","Ile","AAT",15,"NA"
"180","tRNA-Ser-TGA-4-1","Ser","TGA",15,"NA"
"181","tRNA-His-GTG-1-2","His","GTG",56,"NA"
"182","tRNA-Val-TAC-1-1","Val","TAC",15,"NA"
"183","tRNA-Val-TAC-2-1","Val","TAC",34,"NA"
"184","tRNA-Val-TAC-2-1","Val","TAC",34,"NA"
"185","tRNA-Lys-TTT-3-4","Lys","TTT",15,"NA"
"186","tRNA-Asp-GTC-1-1","Asp","GTC",8,"NA"
"187","tRNA-Lys-TTT-14-1","Lys","TTT",28,"NA"
"188","tRNA-Leu-CAG-2-2","Leu","CAG",32,"NA"
"189","tRNA-Cys-GCA-14-1","Cys","GCA",15,"NA"
"190","tRNA-SeC-TCA-1-1","SeC","TCA",8,"NA"
"191","tRNA-Ala-CGC-3-1","Ala","CGC",32,"NA"
"192","tRNA-Ala-CGC-3-1","Ala","CGC",32,"NA"
"193","tRNA-Glu-TTC-9-1","Glu","TTC",38,"NA"
"194","tRNA-Val-AAC-1-1","Val","AAC",57,"NA"
"195","tRNA-Val-AAC-1-2","Val","AAC",57,"NA"
"196","tRNA-Val-TAC-1-2","Val","TAC",15,"NA"
